-- MySQL Script generated by MySQL Workbench
-- Wed May 22 14:03:18 2019
-- Model: New Model    Version: 1.0
-- MySQL Workbench Forward Engineering

SET @OLD_UNIQUE_CHECKS=@@UNIQUE_CHECKS, UNIQUE_CHECKS=0;
SET @OLD_FOREIGN_KEY_CHECKS=@@FOREIGN_KEY_CHECKS, FOREIGN_KEY_CHECKS=0;
SET @OLD_SQL_MODE=@@SQL_MODE, SQL_MODE='TRADITIONAL,ALLOW_INVALID_DATES';

-- -----------------------------------------------------
-- Schema api_proyecto_php
-- -----------------------------------------------------

-- -----------------------------------------------------
-- Schema api_proyecto_php
-- -----------------------------------------------------
CREATE SCHEMA IF NOT EXISTS `api_proyecto_php` DEFAULT CHARACTER SET utf8 ;
USE `api_proyecto_php` ;

-- -----------------------------------------------------
-- Table `api_proyecto_php`.`t_paises`
-- -----------------------------------------------------
CREATE TABLE IF NOT EXISTS `api_proyecto_php`.`t_paises` (
  `id` INT NOT NULL AUTO_INCREMENT,
  `codigo` VARCHAR(2) NULL,
  `nacionalidad` VARCHAR(45) NULL,
  PRIMARY KEY (`id`),
  UNIQUE INDEX `codigo_UNIQUE` (`codigo` ASC))
ENGINE = InnoDB;


-- -----------------------------------------------------
-- Table `api_proyecto_php`.`t_provincias`
-- -----------------------------------------------------
CREATE TABLE IF NOT EXISTS `api_proyecto_php`.`t_provincias` (
  `id` INT NOT NULL AUTO_INCREMENT,
  `codigo` VARCHAR(2) NULL,
  `provincia` VARCHAR(45) NULL,
  `idPais` INT NOT NULL,
  PRIMARY KEY (`id`),
  INDEX `fk_t_provincias_t_paises1_idx` (`idPais` ASC),
  CONSTRAINT `fk_t_provincias_t_paises1`
    FOREIGN KEY (`idPais`)
    REFERENCES `api_proyecto_php`.`t_paises` (`id`)
    ON DELETE NO ACTION
    ON UPDATE NO ACTION)
ENGINE = InnoDB;


-- -----------------------------------------------------
-- Table `api_proyecto_php`.`t_poblaciones`
-- -----------------------------------------------------
CREATE TABLE IF NOT EXISTS `api_proyecto_php`.`t_poblaciones` (
  `id` INT NOT NULL AUTO_INCREMENT,
  `poblacion` VARCHAR(128) NULL,
  `idProvincia` INT NOT NULL,
  PRIMARY KEY (`id`),
  INDEX `fk_poblaciones_t_provincias_idx` (`idProvincia` ASC),
  CONSTRAINT `fk_poblaciones_t_provincias`
    FOREIGN KEY (`idProvincia`)
    REFERENCES `api_proyecto_php`.`t_provincias` (`id`)
    ON DELETE NO ACTION
    ON UPDATE NO ACTION)
ENGINE = InnoDB;


-- -----------------------------------------------------
-- Table `api_proyecto_php`.`t_estados_civiles`
-- -----------------------------------------------------
CREATE TABLE IF NOT EXISTS `api_proyecto_php`.`t_estados_civiles` (
  `id` INT NOT NULL AUTO_INCREMENT,
  `estado_civil` VARCHAR(25) NOT NULL,
  PRIMARY KEY (`id`))
ENGINE = InnoDB;


-- -----------------------------------------------------
-- Table `api_proyecto_php`.`t_formas_ingreso`
-- -----------------------------------------------------
CREATE TABLE IF NOT EXISTS `api_proyecto_php`.`t_formas_ingreso` (
  `id` INT NOT NULL AUTO_INCREMENT,
  `forma_ingreso` VARCHAR(25) NOT NULL,
  PRIMARY KEY (`id`))
ENGINE = MyISAM;


-- -----------------------------------------------------
-- Table `api_proyecto_php`.`t_origen_ingreso`
-- -----------------------------------------------------
CREATE TABLE IF NOT EXISTS `api_proyecto_php`.`t_origen_ingreso` (
  `id` INT NOT NULL AUTO_INCREMENT,
  `origen_ingreso` VARCHAR(45) NULL,
  PRIMARY KEY (`id`))
ENGINE = InnoDB;


-- -----------------------------------------------------
-- Table `api_proyecto_php`.`t_niveles_estudios`
-- -----------------------------------------------------
CREATE TABLE IF NOT EXISTS `api_proyecto_php`.`t_niveles_estudios` (
  `id` INT NOT NULL AUTO_INCREMENT,
  `nivel_estudios` VARCHAR(128) NULL,
  PRIMARY KEY (`id`))
ENGINE = InnoDB;


-- -----------------------------------------------------
-- Table `api_proyecto_php`.`t_tiempos_desempleo`
-- -----------------------------------------------------
CREATE TABLE IF NOT EXISTS `api_proyecto_php`.`t_tiempos_desempleo` (
  `id` INT NOT NULL AUTO_INCREMENT,
  `tiempo_desempleo` VARCHAR(25) NOT NULL,
  PRIMARY KEY (`id`))
ENGINE = InnoDB;


-- -----------------------------------------------------
-- Table `api_proyecto_php`.`t_contratos_laboral`
-- -----------------------------------------------------
CREATE TABLE IF NOT EXISTS `api_proyecto_php`.`t_contratos_laboral` (
  `id` INT NOT NULL AUTO_INCREMENT,
  `idContratoLaboral` VARCHAR(45) NULL,
  PRIMARY KEY (`id`))
ENGINE = InnoDB;


-- -----------------------------------------------------
-- Table `api_proyecto_php`.`t_tipos_contrato`
-- -----------------------------------------------------
CREATE TABLE IF NOT EXISTS `api_proyecto_php`.`t_tipos_contrato` (
  `id` INT NOT NULL AUTO_INCREMENT,
  `tipo_contrato` VARCHAR(45) NULL,
  PRIMARY KEY (`id`))
ENGINE = InnoDB;


-- -----------------------------------------------------
-- Table `api_proyecto_php`.`t_cuantias_economicas`
-- -----------------------------------------------------
CREATE TABLE IF NOT EXISTS `api_proyecto_php`.`t_cuantias_economicas` (
  `id` INT NOT NULL AUTO_INCREMENT,
  `cuantia_economica` VARCHAR(25) NOT NULL,
  PRIMARY KEY (`id`))
ENGINE = InnoDB;


-- -----------------------------------------------------
-- Table `api_proyecto_php`.`t_sexo_ev`
-- -----------------------------------------------------
CREATE TABLE IF NOT EXISTS `api_proyecto_php`.`t_sexo_ev` (
  `id` INT NOT NULL AUTO_INCREMENT,
  `sexo` VARCHAR(25) NULL,
  PRIMARY KEY (`id`))
ENGINE = InnoDB;


-- -----------------------------------------------------
-- Table `api_proyecto_php`.`t_orientacion_sexual`
-- -----------------------------------------------------
CREATE TABLE IF NOT EXISTS `api_proyecto_php`.`t_orientacion_sexual` (
  `id` INT NOT NULL AUTO_INCREMENT,
  `orientacion_sexual` VARCHAR(15) NOT NULL,
  PRIMARY KEY (`id`))
ENGINE = InnoDB;


-- -----------------------------------------------------
-- Table `api_proyecto_php`.`tipo_usuario`
-- -----------------------------------------------------
CREATE TABLE IF NOT EXISTS `api_proyecto_php`.`tipo_usuario` (
  `id` INT NOT NULL AUTO_INCREMENT,
  `tipo` VARCHAR(255) NULL,
  PRIMARY KEY (`id`))
ENGINE = InnoDB;


-- -----------------------------------------------------
-- Table `api_proyecto_php`.`usuarios`
-- -----------------------------------------------------
CREATE TABLE IF NOT EXISTS `api_proyecto_php`.`usuarios` (
  `id` INT NOT NULL AUTO_INCREMENT,
  `nombre` VARCHAR(255) NULL,
  `email` VARCHAR(255) NULL,
  `password` VARCHAR(255) NULL,
  `tipo_usuario_id` INT NOT NULL,
  PRIMARY KEY (`id`),
  INDEX `fk_usuarios_tipo_usuario1_idx` (`tipo_usuario_id` ASC),
  CONSTRAINT `fk_usuarios_tipo_usuario1`
    FOREIGN KEY (`tipo_usuario_id`)
    REFERENCES `api_proyecto_php`.`tipo_usuario` (`id`)
    ON DELETE NO ACTION
    ON UPDATE NO ACTION)
ENGINE = InnoDB;


-- -----------------------------------------------------
-- Table `api_proyecto_php`.`t_sexo`
-- -----------------------------------------------------
CREATE TABLE IF NOT EXISTS `api_proyecto_php`.`t_sexo` (
  `sexo` VARCHAR(10) NOT NULL,
  `id` INT NOT NULL AUTO_INCREMENT,
  PRIMARY KEY (`id`))
ENGINE = InnoDB;


-- -----------------------------------------------------
-- Table `api_proyecto_php`.`fichas_personas`
-- -----------------------------------------------------
CREATE TABLE IF NOT EXISTS `api_proyecto_php`.`fichas_personas` (
  `id` INT NOT NULL AUTO_INCREMENT,
  `apellido1` VARCHAR(150) NULL,
  `apellido2` VARCHAR(150) NULL,
  `nombre` VARCHAR(150) NULL,
  `fecha_nacimiento` DATE NULL,
  `edad` INT NULL,
  `image` VARCHAR(255) NULL,
  `observaciones` VARCHAR(255) NULL,
  `idNacionalidad` INT NULL,
  `idPoblacionEmpadronamiento` INT NULL,
  `fecha_empadronamiento` DATE NULL,
  `fecha_evaluacion` DATETIME NULL,
  `telefono` VARCHAR(15) NULL,
  `email` VARCHAR(128) NULL,
  `idPaisNacimiento` INT NULL,
  `idProvinciaNacimiento` INT NULL,
  `idPoblacionNacimiento` INT NULL,
  `tipo_vivienda` VARCHAR(25) NULL,
  `dir_linea1_vivienda` VARCHAR(64) NULL,
  `dir_linea2_vivienda` VARCHAR(64) NULL,
  `dir_linea3_vivienda` VARCHAR(64) NULL,
  `idNivelEstudios` INT NULL,
  `idTiempoDesempleo` INT NULL,
  `idContratoLaboral` INT NULL,
  `idTipoContrato` INT NULL,
  `e_ocupacion_principal` VARCHAR(64) NULL,
  `idCuantiaEconomica` INT NULL,
  `idSexoEv` INT NULL,
  `idOrientacionSexual` INT NULL,
  `numero_ss` VARCHAR(45) NULL,
  `idEstadoCivil` INT NULL,
  `created_at` DATETIME NULL,
  `updated_at` DATETIME NULL,
  `idUsuario_created_at` INT NULL,
  `idUsuario_updated_at` INT NULL,
  `idSexo` INT NULL,
  PRIMARY KEY (`id`),
  INDEX `fk_expedientes_evaluacion_te_niveles_estudios1_idx` (`idNivelEstudios` ASC),
  INDEX `fk_expedientes_evaluacion_t_tiempos_desempleo1_idx` (`idTiempoDesempleo` ASC),
  INDEX `fk_expedientes_evaluacion_t_contratos_laboral1_idx` (`idContratoLaboral` ASC),
  INDEX `fk_expedientes_evaluacion_t_tipos_contrato1_idx` (`idTipoContrato` ASC),
  INDEX `fk_expedientes_evaluacion_t_cuantias_economicas1_idx` (`idCuantiaEconomica` ASC),
  INDEX `fk_expedientes_evaluacion_t_paises2_idx` (`idNacionalidad` ASC),
  INDEX `fk_expedientes_evaluacion_t_poblaciones2_idx` (`idPoblacionEmpadronamiento` ASC),
  INDEX `fk_expedientes_evaluacion_t_paises3_idx` (`idPaisNacimiento` ASC),
  INDEX `fk_expedientes_evaluacion_t_provincias2_idx` (`idProvinciaNacimiento` ASC),
  INDEX `fk_expedientes_evaluacion_t_poblaciones3_idx` (`idPoblacionNacimiento` ASC),
  INDEX `fk_expedientes_evaluacion_t_sexo_ev1_idx` (`idSexoEv` ASC),
  INDEX `fk_expedientes_evaluacion_te_orientacion_sexual1_idx` (`idOrientacionSexual` ASC),
  INDEX `fk_expedientes_evaluacion_t_estados_civiles1_idx` (`idEstadoCivil` ASC),
  INDEX `fk_fichas_personas_usuarios1_idx` (`idUsuario_created_at` ASC),
  INDEX `fk_fichas_personas_usuarios2_idx` (`idUsuario_updated_at` ASC),
  INDEX `fk_fichas_personas_te_sexo1_idx` (`idSexo` ASC),
  CONSTRAINT `fk_expedientes_evaluacion_te_niveles_estudios10`
    FOREIGN KEY (`idNivelEstudios`)
    REFERENCES `api_proyecto_php`.`t_niveles_estudios` (`id`)
    ON DELETE NO ACTION
    ON UPDATE NO ACTION,
  CONSTRAINT `fk_expedientes_evaluacion_t_tiempos_desempleo10`
    FOREIGN KEY (`idTiempoDesempleo`)
    REFERENCES `api_proyecto_php`.`t_tiempos_desempleo` (`id`)
    ON DELETE NO ACTION
    ON UPDATE NO ACTION,
  CONSTRAINT `fk_expedientes_evaluacion_t_contratos_laboral10`
    FOREIGN KEY (`idContratoLaboral`)
    REFERENCES `api_proyecto_php`.`t_contratos_laboral` (`id`)
    ON DELETE NO ACTION
    ON UPDATE NO ACTION,
  CONSTRAINT `fk_expedientes_evaluacion_t_tipos_contrato10`
    FOREIGN KEY (`idTipoContrato`)
    REFERENCES `api_proyecto_php`.`t_tipos_contrato` (`id`)
    ON DELETE NO ACTION
    ON UPDATE NO ACTION,
  CONSTRAINT `fk_expedientes_evaluacion_t_cuantias_economicas10`
    FOREIGN KEY (`idCuantiaEconomica`)
    REFERENCES `api_proyecto_php`.`t_cuantias_economicas` (`id`)
    ON DELETE NO ACTION
    ON UPDATE NO ACTION,
  CONSTRAINT `fk_expedientes_evaluacion_t_paises20`
    FOREIGN KEY (`idNacionalidad`)
    REFERENCES `api_proyecto_php`.`t_paises` (`id`)
    ON DELETE NO ACTION
    ON UPDATE NO ACTION,
  CONSTRAINT `fk_expedientes_evaluacion_t_poblaciones20`
    FOREIGN KEY (`idPoblacionEmpadronamiento`)
    REFERENCES `api_proyecto_php`.`t_poblaciones` (`id`)
    ON DELETE NO ACTION
    ON UPDATE NO ACTION,
  CONSTRAINT `fk_expedientes_evaluacion_t_paises30`
    FOREIGN KEY (`idPaisNacimiento`)
    REFERENCES `api_proyecto_php`.`t_paises` (`id`)
    ON DELETE NO ACTION
    ON UPDATE NO ACTION,
  CONSTRAINT `fk_expedientes_evaluacion_t_provincias20`
    FOREIGN KEY (`idProvinciaNacimiento`)
    REFERENCES `api_proyecto_php`.`t_provincias` (`id`)
    ON DELETE NO ACTION
    ON UPDATE NO ACTION,
  CONSTRAINT `fk_expedientes_evaluacion_t_poblaciones30`
    FOREIGN KEY (`idPoblacionNacimiento`)
    REFERENCES `api_proyecto_php`.`t_poblaciones` (`id`)
    ON DELETE NO ACTION
    ON UPDATE NO ACTION,
  CONSTRAINT `fk_expedientes_evaluacion_t_sexo_ev10`
    FOREIGN KEY (`idSexoEv`)
    REFERENCES `api_proyecto_php`.`t_sexo_ev` (`id`)
    ON DELETE NO ACTION
    ON UPDATE NO ACTION,
  CONSTRAINT `fk_expedientes_evaluacion_te_orientacion_sexual10`
    FOREIGN KEY (`idOrientacionSexual`)
    REFERENCES `api_proyecto_php`.`t_orientacion_sexual` (`id`)
    ON DELETE NO ACTION
    ON UPDATE NO ACTION,
  CONSTRAINT `fk_expedientes_evaluacion_t_estados_civiles10`
    FOREIGN KEY (`idEstadoCivil`)
    REFERENCES `api_proyecto_php`.`t_estados_civiles` (`id`)
    ON DELETE NO ACTION
    ON UPDATE NO ACTION,
  CONSTRAINT `fk_fichas_personas_usuarios1`
    FOREIGN KEY (`idUsuario_created_at`)
    REFERENCES `api_proyecto_php`.`usuarios` (`id`)
    ON DELETE NO ACTION
    ON UPDATE NO ACTION,
  CONSTRAINT `fk_fichas_personas_usuarios2`
    FOREIGN KEY (`idUsuario_updated_at`)
    REFERENCES `api_proyecto_php`.`usuarios` (`id`)
    ON DELETE NO ACTION
    ON UPDATE NO ACTION,
  CONSTRAINT `fk_fichas_personas_te_sexo1`
    FOREIGN KEY (`idSexo`)
    REFERENCES `api_proyecto_php`.`t_sexo` (`id`)
    ON DELETE NO ACTION
    ON UPDATE NO ACTION)
ENGINE = InnoDB;


-- -----------------------------------------------------
-- Table `api_proyecto_php`.`registro`
-- -----------------------------------------------------
CREATE TABLE IF NOT EXISTS `api_proyecto_php`.`registro` (
  `id` INT NOT NULL AUTO_INCREMENT,
  `idFichaPersona` INT NOT NULL,
  `numero_ingreso` INT NULL COMMENT 'Utilizamos el campo numeros_ingreso de la tabla config para actualizar este contador.',
  `fecha_ingreso` DATETIME NULL,
  `fecha_salida` DATETIME NULL,
  `motivo_salida` MEDIUMTEXT NULL,
  `observaciones` MEDIUMTEXT NULL,
  `created_at` DATETIME NULL,
  `updated_at` DATETIME NULL,
  `idUsuario_created_at` INT NOT NULL,
  `idUsuario_updated_at` INT NOT NULL,
  PRIMARY KEY (`id`),
  INDEX `fk_registro_fichas_personas1_idx` (`idFichaPersona` ASC),
  INDEX `fk_registro_usuarios1_idx` (`idUsuario_created_at` ASC),
  INDEX `fk_registro_usuarios2_idx` (`idUsuario_updated_at` ASC),
  INDEX `i1registro` (`numero_ingreso` ASC),
  INDEX `i2registro` (`fecha_salida` ASC),
  INDEX `i3registro` (`numero_ingreso` ASC),
  CONSTRAINT `fk_registro_fichas_personas1`
    FOREIGN KEY (`idFichaPersona`)
    REFERENCES `api_proyecto_php`.`fichas_personas` (`id`)
    ON DELETE NO ACTION
    ON UPDATE NO ACTION,
  CONSTRAINT `fk_registro_usuarios1`
    FOREIGN KEY (`idUsuario_created_at`)
    REFERENCES `api_proyecto_php`.`usuarios` (`id`)
    ON DELETE NO ACTION
    ON UPDATE NO ACTION,
  CONSTRAINT `fk_registro_usuarios2`
    FOREIGN KEY (`idUsuario_updated_at`)
    REFERENCES `api_proyecto_php`.`usuarios` (`id`)
    ON DELETE NO ACTION
    ON UPDATE NO ACTION)
ENGINE = InnoDB;


-- -----------------------------------------------------
-- Table `api_proyecto_php`.`t_permiso_residencia`
-- -----------------------------------------------------
CREATE TABLE IF NOT EXISTS `api_proyecto_php`.`t_permiso_residencia` (
  `id` INT NOT NULL AUTO_INCREMENT,
  `tipo` VARCHAR(255) NULL,
  PRIMARY KEY (`id`))
ENGINE = InnoDB;


-- -----------------------------------------------------
-- Table `api_proyecto_php`.`expedientes_evaluacion`
-- -----------------------------------------------------
CREATE TABLE IF NOT EXISTS `api_proyecto_php`.`expedientes_evaluacion` (
  `id` INT NOT NULL AUTO_INCREMENT,
  `idRegistro` INT NOT NULL,
  `numero_expediente_tecnico` INT NOT NULL,
  `numero_expediente_centro` INT NOT NULL,
  `numero_ingreso` INT NOT NULL COMMENT 'Campo calculado que acumula el número de ingresos.',
  `fecha_evaluacion` DATETIME NULL,
  `idFormaIngreso` INT NULL,
  `idOrigenIngreso` INT NULL,
  `idNacionalidad` INT NULL,
  `idPoblacionEmpadronamiento` INT NULL,
  `fecha_empadronamiento` DATE NULL,
  `telefono` VARCHAR(15) NULL,
  `email` VARCHAR(128) NULL,
  `ndias_sin_hogar` INT NULL,
  `nmeses_sin_hogar` INT NULL,
  `nanios_sin_hogar` INT NULL,
  `idPoblacionProcedenciaInmediata` INT NULL,
  `idProvinciaProcedenciaInmediata` INT NULL,
  `idPaisProcedenciaInmediata` INT NULL,
  `tipo_vivienda` VARCHAR(25) NULL,
  `dir_linea1_vivienda` VARCHAR(64) NULL,
  `dir_linea2_vivienda` VARCHAR(64) NULL,
  `dir_linea3_vivienda` VARCHAR(64) NULL,
  `idNivelEstudios` INT NULL,
  `idTiempoDesempleo` INT NULL,
  `idContratoLaboral` INT NULL,
  `idTipoContrato` INT NULL,
  `e_ocupacion_principal` VARCHAR(64) NULL,
  `idCuantiaEconomica` INT NULL,
  `idSexoEv` INT NULL,
  `idOrientacionSexual` INT NULL,
  `numero_ss` VARCHAR(45) NULL,
  `idEstadoCivil` INT NULL,
  `created_at` DATETIME NULL,
  `updated_at` DATETIME NULL,
  `idUsuario_created_at` INT NULL,
  `idUsuario_updated_at` INT NULL,
  `idSexo` INT NULL,
  `idPermisoResidencia` INT NULL,
  PRIMARY KEY (`id`),
  UNIQUE INDEX `numero_expediente_tecncio_UNIQUE` (`numero_expediente_tecnico` ASC),
  INDEX `fk_expedientes_evaluacion_t_origen_ingreso1_idx` (`idOrigenIngreso` ASC),
  INDEX `fk_expedientes_evaluacion_t_poblaciones1_idx` (`idPoblacionProcedenciaInmediata` ASC),
  INDEX `fk_expedientes_evaluacion_t_provincias1_idx` (`idProvinciaProcedenciaInmediata` ASC),
  INDEX `fk_expedientes_evaluacion_t_paises1_idx` (`idPaisProcedenciaInmediata` ASC),
  INDEX `fk_expedientes_evaluacion_te_niveles_estudios1_idx` (`idNivelEstudios` ASC),
  INDEX `fk_expedientes_evaluacion_t_tiempos_desempleo1_idx` (`idTiempoDesempleo` ASC),
  INDEX `fk_expedientes_evaluacion_t_contratos_laboral1_idx` (`idContratoLaboral` ASC),
  INDEX `fk_expedientes_evaluacion_t_tipos_contrato1_idx` (`idTipoContrato` ASC),
  INDEX `fk_expedientes_evaluacion_t_cuantias_economicas1_idx` (`idCuantiaEconomica` ASC),
  INDEX `fk_expedientes_evaluacion_t_paises2_idx` (`idNacionalidad` ASC),
  INDEX `fk_expedientes_evaluacion_t_poblaciones2_idx` (`idPoblacionEmpadronamiento` ASC),
  INDEX `fk_expedientes_evaluacion_t_sexo_ev1_idx` (`idSexoEv` ASC),
  INDEX `fk_expedientes_evaluacion_te_orientacion_sexual1_idx` (`idOrientacionSexual` ASC),
  INDEX `fk_expedientes_evaluacion_t_estados_civiles1_idx` (`idEstadoCivil` ASC),
  INDEX `fk_expedientes_evaluacion_registro1_idx` (`idRegistro` ASC),
  INDEX `fk_expedientes_evaluacion_t_formas_ingreso1_idx` (`idFormaIngreso` ASC),
  UNIQUE INDEX `numero_expediente_centro_UNIQUE` (`numero_expediente_centro` ASC),
  INDEX `fk_expedientes_evaluacion_usuarios1_idx` (`idUsuario_created_at` ASC),
  INDEX `fk_expedientes_evaluacion_usuarios2_idx` (`idUsuario_updated_at` ASC),
  INDEX `fk_expedientes_evaluacion_te_sexo1_idx` (`idSexo` ASC),
  INDEX `fk_expedientes_evaluacion_t_permiso_residencia1_idx` (`idPermisoResidencia` ASC),
  CONSTRAINT `fk_expedientes_evaluacion_t_origen_ingreso1`
    FOREIGN KEY (`idOrigenIngreso`)
    REFERENCES `api_proyecto_php`.`t_origen_ingreso` (`id`)
    ON DELETE NO ACTION
    ON UPDATE NO ACTION,
  CONSTRAINT `fk_expedientes_evaluacion_t_poblaciones1`
    FOREIGN KEY (`idPoblacionProcedenciaInmediata`)
    REFERENCES `api_proyecto_php`.`t_poblaciones` (`id`)
    ON DELETE NO ACTION
    ON UPDATE NO ACTION,
  CONSTRAINT `fk_expedientes_evaluacion_t_provincias1`
    FOREIGN KEY (`idProvinciaProcedenciaInmediata`)
    REFERENCES `api_proyecto_php`.`t_provincias` (`id`)
    ON DELETE NO ACTION
    ON UPDATE NO ACTION,
  CONSTRAINT `fk_expedientes_evaluacion_t_paises1`
    FOREIGN KEY (`idPaisProcedenciaInmediata`)
    REFERENCES `api_proyecto_php`.`t_paises` (`id`)
    ON DELETE NO ACTION
    ON UPDATE NO ACTION,
  CONSTRAINT `fk_expedientes_evaluacion_te_niveles_estudios1`
    FOREIGN KEY (`idNivelEstudios`)
    REFERENCES `api_proyecto_php`.`t_niveles_estudios` (`id`)
    ON DELETE NO ACTION
    ON UPDATE NO ACTION,
  CONSTRAINT `fk_expedientes_evaluacion_t_tiempos_desempleo1`
    FOREIGN KEY (`idTiempoDesempleo`)
    REFERENCES `api_proyecto_php`.`t_tiempos_desempleo` (`id`)
    ON DELETE NO ACTION
    ON UPDATE NO ACTION,
  CONSTRAINT `fk_expedientes_evaluacion_t_contratos_laboral1`
    FOREIGN KEY (`idContratoLaboral`)
    REFERENCES `api_proyecto_php`.`t_contratos_laboral` (`id`)
    ON DELETE NO ACTION
    ON UPDATE NO ACTION,
  CONSTRAINT `fk_expedientes_evaluacion_t_tipos_contrato1`
    FOREIGN KEY (`idTipoContrato`)
    REFERENCES `api_proyecto_php`.`t_tipos_contrato` (`id`)
    ON DELETE NO ACTION
    ON UPDATE NO ACTION,
  CONSTRAINT `fk_expedientes_evaluacion_t_cuantias_economicas1`
    FOREIGN KEY (`idCuantiaEconomica`)
    REFERENCES `api_proyecto_php`.`t_cuantias_economicas` (`id`)
    ON DELETE NO ACTION
    ON UPDATE NO ACTION,
  CONSTRAINT `fk_expedientes_evaluacion_t_paises2`
    FOREIGN KEY (`idNacionalidad`)
    REFERENCES `api_proyecto_php`.`t_paises` (`id`)
    ON DELETE NO ACTION
    ON UPDATE NO ACTION,
  CONSTRAINT `fk_expedientes_evaluacion_t_poblaciones2`
    FOREIGN KEY (`idPoblacionEmpadronamiento`)
    REFERENCES `api_proyecto_php`.`t_poblaciones` (`id`)
    ON DELETE NO ACTION
    ON UPDATE NO ACTION,
  CONSTRAINT `fk_expedientes_evaluacion_t_sexo_ev1`
    FOREIGN KEY (`idSexoEv`)
    REFERENCES `api_proyecto_php`.`t_sexo_ev` (`id`)
    ON DELETE NO ACTION
    ON UPDATE NO ACTION,
  CONSTRAINT `fk_expedientes_evaluacion_te_orientacion_sexual1`
    FOREIGN KEY (`idOrientacionSexual`)
    REFERENCES `api_proyecto_php`.`t_orientacion_sexual` (`id`)
    ON DELETE NO ACTION
    ON UPDATE NO ACTION,
  CONSTRAINT `fk_expedientes_evaluacion_t_estados_civiles1`
    FOREIGN KEY (`idEstadoCivil`)
    REFERENCES `api_proyecto_php`.`t_estados_civiles` (`id`)
    ON DELETE NO ACTION
    ON UPDATE NO ACTION,
  CONSTRAINT `fk_expedientes_evaluacion_registro1`
    FOREIGN KEY (`idRegistro`)
    REFERENCES `api_proyecto_php`.`registro` (`id`)
    ON DELETE NO ACTION
    ON UPDATE NO ACTION,
  CONSTRAINT `fk_expedientes_evaluacion_t_formas_ingreso1`
    FOREIGN KEY (`idFormaIngreso`)
    REFERENCES `api_proyecto_php`.`t_formas_ingreso` (`id`)
    ON DELETE NO ACTION
    ON UPDATE NO ACTION,
  CONSTRAINT `fk_expedientes_evaluacion_usuarios1`
    FOREIGN KEY (`idUsuario_created_at`)
    REFERENCES `api_proyecto_php`.`usuarios` (`id`)
    ON DELETE NO ACTION
    ON UPDATE NO ACTION,
  CONSTRAINT `fk_expedientes_evaluacion_usuarios2`
    FOREIGN KEY (`idUsuario_updated_at`)
    REFERENCES `api_proyecto_php`.`usuarios` (`id`)
    ON DELETE NO ACTION
    ON UPDATE NO ACTION,
  CONSTRAINT `fk_expedientes_evaluacion_te_sexo1`
    FOREIGN KEY (`idSexo`)
    REFERENCES `api_proyecto_php`.`t_sexo` (`id`)
    ON DELETE NO ACTION
    ON UPDATE NO ACTION,
  CONSTRAINT `fk_expedientes_evaluacion_t_permiso_residencia1`
    FOREIGN KEY (`idPermisoResidencia`)
    REFERENCES `api_proyecto_php`.`t_permiso_residencia` (`id`)
    ON DELETE NO ACTION
    ON UPDATE NO ACTION)
ENGINE = InnoDB;


-- -----------------------------------------------------
-- Table `api_proyecto_php`.`e_tipos_documentos`
-- -----------------------------------------------------
CREATE TABLE IF NOT EXISTS `api_proyecto_php`.`e_tipos_documentos` (
  `id` INT NOT NULL AUTO_INCREMENT,
  `tipo_documento` VARCHAR(10) NOT NULL,
  PRIMARY KEY (`id`))
ENGINE = InnoDB;


-- -----------------------------------------------------
-- Table `api_proyecto_php`.`t_tipos_documento`
-- -----------------------------------------------------
CREATE TABLE IF NOT EXISTS `api_proyecto_php`.`t_tipos_documento` (
  `id` INT NOT NULL AUTO_INCREMENT,
  `documento` VARCHAR(45) NULL,
  PRIMARY KEY (`id`))
ENGINE = InnoDB;


-- -----------------------------------------------------
-- Table `api_proyecto_php`.`t_tipos_ausencia_documento`
-- -----------------------------------------------------
CREATE TABLE IF NOT EXISTS `api_proyecto_php`.`t_tipos_ausencia_documento` (
  `id` INT NOT NULL AUTO_INCREMENT,
  `ausencia_documento` VARCHAR(10) NOT NULL,
  PRIMARY KEY (`id`))
ENGINE = InnoDB;


-- -----------------------------------------------------
-- Table `api_proyecto_php`.`inf_id_documentacion`
-- -----------------------------------------------------
CREATE TABLE IF NOT EXISTS `api_proyecto_php`.`inf_id_documentacion` (
  `id` INT UNIQUE AUTO_INCREMENT,
  `idFichaPersonal` INT NULL,
  `idTipoDocumento` INT NULL,
  `numero_documento` VARCHAR(45) NULL,
  `idTipoAusenciaDocumento` INT NULL,
  `numero_denuncia` VARCHAR(45) NULL,
  `observaciones` MEDIUMTEXT NULL,
  `created_at` DATETIME NULL,
  `updated_at` DATETIME NULL,
  `idUsuario_created_at` INT NULL,
  `idUsuario_updated_at` INT NULL,
  PRIMARY KEY (`id`),
  INDEX `fk_documentacion_t_tipos_documento1_idx` (`idTipoDocumento` ASC),
  INDEX `fk_documentacion_t_tipos_ausencia_documento1_idx` (`idTipoAusenciaDocumento` ASC),
  INDEX `fk_documentacion_usuarios1_idx` (`idUsuario_created_at` ASC),
  INDEX `fk_documentacion_usuarios2_idx` (`idUsuario_updated_at` ASC),
  INDEX `i1documentacion` (`numero_documento` ASC),
  INDEX `fk_inf_id_documentacion_fichas_personas1_idx` (`idFichaPersonal` ASC),
  CONSTRAINT `fk_documentacion_t_tipos_documento1`
    FOREIGN KEY (`idTipoDocumento`)
    REFERENCES `api_proyecto_php`.`t_tipos_documento` (`id`)
    ON DELETE NO ACTION
    ON UPDATE NO ACTION,
  CONSTRAINT `fk_documentacion_t_tipos_ausencia_documento1`
    FOREIGN KEY (`idTipoAusenciaDocumento`)
    REFERENCES `api_proyecto_php`.`t_tipos_ausencia_documento` (`id`)
    ON DELETE NO ACTION
    ON UPDATE NO ACTION,
  CONSTRAINT `fk_documentacion_usuarios1`
    FOREIGN KEY (`idUsuario_created_at`)
    REFERENCES `api_proyecto_php`.`usuarios` (`id`)
    ON DELETE NO ACTION
    ON UPDATE NO ACTION,
  CONSTRAINT `fk_documentacion_usuarios2`
    FOREIGN KEY (`idUsuario_updated_at`)
    REFERENCES `api_proyecto_php`.`usuarios` (`id`)
    ON DELETE NO ACTION
    ON UPDATE NO ACTION,
  CONSTRAINT `fk_inf_id_documentacion_fichas_personas1`
    FOREIGN KEY (`idFichaPersonal`)
    REFERENCES `api_proyecto_php`.`fichas_personas` (`id`)
    ON DELETE NO ACTION
    ON UPDATE NO ACTION)
ENGINE = InnoDB;


-- -----------------------------------------------------
-- Table `api_proyecto_php`.`te_confirmacion`
-- -----------------------------------------------------
CREATE TABLE IF NOT EXISTS `api_proyecto_php`.`te_confirmacion` (
  `confirmacion` CHAR(2) NOT NULL,
  PRIMARY KEY (`confirmacion`))
ENGINE = InnoDB;


-- -----------------------------------------------------
-- Table `api_proyecto_php`.`t_parentescos`
-- -----------------------------------------------------
CREATE TABLE IF NOT EXISTS `api_proyecto_php`.`t_parentescos` (
  `parentesco` VARCHAR(20) NOT NULL,
  `id` INT NOT NULL AUTO_INCREMENT,
  PRIMARY KEY (`id`))
ENGINE = InnoDB;


-- -----------------------------------------------------
-- Table `api_proyecto_php`.`inf_sf_familia`
-- -----------------------------------------------------
CREATE TABLE IF NOT EXISTS `api_proyecto_php`.`inf_sf_familia` (
  `id` INT NOT NULL AUTO_INCREMENT,
  `idExpedienteEvaluacion` INT NOT NULL,
  `idParentesco` INT NOT NULL,
  `numero` INT NULL,
  PRIMARY KEY (`id`),
  INDEX `fk_Familia_expedientes_evaluacion1_idx` (`idExpedienteEvaluacion` ASC),
  INDEX `fk_inf_sf_familia_t_parentescos1_idx` (`idParentesco` ASC),
  CONSTRAINT `fk_Familia_expedientes_evaluacion1`
    FOREIGN KEY (`idExpedienteEvaluacion`)
    REFERENCES `api_proyecto_php`.`expedientes_evaluacion` (`id`)
    ON DELETE NO ACTION
    ON UPDATE NO ACTION,
  CONSTRAINT `fk_inf_sf_familia_t_parentescos1`
    FOREIGN KEY (`idParentesco`)
    REFERENCES `api_proyecto_php`.`t_parentescos` (`id`)
    ON DELETE NO ACTION
    ON UPDATE NO ACTION)
ENGINE = InnoDB;


-- -----------------------------------------------------
-- Table `api_proyecto_php`.`inf_sf_relacion_familia`
-- -----------------------------------------------------
CREATE TABLE IF NOT EXISTS `api_proyecto_php`.`inf_sf_relacion_familia` (
  `id` INT NOT NULL AUTO_INCREMENT,
  `idExpedienteEvaluacion` INT NOT NULL,
  `idParentesco` INT NOT NULL,
  `numero` INT NULL,
  PRIMARY KEY (`id`),
  INDEX `fk_Familia_expedientes_evaluacion1_idx` (`idExpedienteEvaluacion` ASC),
  INDEX `fk_relacion_familia_t_parentescos1_idx` (`idParentesco` ASC),
  CONSTRAINT `fk_Familia_expedientes_evaluacion10`
    FOREIGN KEY (`idExpedienteEvaluacion`)
    REFERENCES `api_proyecto_php`.`expedientes_evaluacion` (`id`)
    ON DELETE NO ACTION
    ON UPDATE NO ACTION,
  CONSTRAINT `fk_relacion_familia_t_parentescos1`
    FOREIGN KEY (`idParentesco`)
    REFERENCES `api_proyecto_php`.`t_parentescos` (`id`)
    ON DELETE NO ACTION
    ON UPDATE NO ACTION)
ENGINE = InnoDB;


-- -----------------------------------------------------
-- Table `api_proyecto_php`.`personas_contacto`
-- -----------------------------------------------------
CREATE TABLE IF NOT EXISTS `api_proyecto_php`.`personas_contacto` (
  `id` INT NOT NULL AUTO_INCREMENT,
  `nombre` VARCHAR(150) NULL,
  `apellido1` VARCHAR(150) NULL,
  `apellido2` VARCHAR(150) NULL,
  `dir_linea1` VARCHAR(64) NULL,
  `dir_linea2` VARCHAR(64) NULL,
  `dir_linea3` VARCHAR(64) NULL,
  `idPoblacion` INT NOT NULL,
  `idProvincias` INT NOT NULL,
  `idPaises` INT NOT NULL,
  `telefono1` VARCHAR(25) NULL,
  `telefono2` VARCHAR(25) NULL,
  `email` VARCHAR(128) NULL,
  PRIMARY KEY (`id`),
  INDEX `fk_personas_contacto_t_poblaciones1_idx` (`idPoblacion` ASC),
  INDEX `fk_personas_contacto_t_provincias1_idx` (`idProvincias` ASC),
  INDEX `fk_personas_contacto_t_paises1_idx` (`idPaises` ASC),
  CONSTRAINT `fk_personas_contacto_t_poblaciones1`
    FOREIGN KEY (`idPoblacion`)
    REFERENCES `api_proyecto_php`.`t_poblaciones` (`id`)
    ON DELETE NO ACTION
    ON UPDATE NO ACTION,
  CONSTRAINT `fk_personas_contacto_t_provincias1`
    FOREIGN KEY (`idProvincias`)
    REFERENCES `api_proyecto_php`.`t_provincias` (`id`)
    ON DELETE NO ACTION
    ON UPDATE NO ACTION,
  CONSTRAINT `fk_personas_contacto_t_paises1`
    FOREIGN KEY (`idPaises`)
    REFERENCES `api_proyecto_php`.`t_paises` (`id`)
    ON DELETE NO ACTION
    ON UPDATE NO ACTION)
ENGINE = InnoDB;


-- -----------------------------------------------------
-- Table `api_proyecto_php`.`inf_sf_r_expedientes_evaluacion_personas_contacto`
-- -----------------------------------------------------
CREATE TABLE IF NOT EXISTS `api_proyecto_php`.`inf_sf_r_expedientes_evaluacion_personas_contacto` (
  `id` INT NOT NULL AUTO_INCREMENT,
  `idExpedienteEvaluacion` INT NOT NULL,
  `idPersonaContacto` INT NOT NULL,
  `idParentesco` INT NOT NULL,
  INDEX `fk_personas_contacto_has_expedientes_evaluacion_expedientes_idx` (`idExpedienteEvaluacion` ASC),
  INDEX `fk_personas_contacto_has_expedientes_evaluacion_personas_co_idx` (`idPersonaContacto` ASC),
  INDEX `fk_r_expedientes_evaluacion_personas_contacto_t_parentescos_idx` (`idParentesco` ASC),
  PRIMARY KEY (`id`),
  CONSTRAINT `fk_personas_contacto_has_expedientes_evaluacion_personas_cont1`
    FOREIGN KEY (`idPersonaContacto`)
    REFERENCES `api_proyecto_php`.`personas_contacto` (`id`)
    ON DELETE NO ACTION
    ON UPDATE NO ACTION,
  CONSTRAINT `fk_personas_contacto_has_expedientes_evaluacion_expedientes_e1`
    FOREIGN KEY (`idExpedienteEvaluacion`)
    REFERENCES `api_proyecto_php`.`expedientes_evaluacion` (`id`)
    ON DELETE NO ACTION
    ON UPDATE NO ACTION,
  CONSTRAINT `fk_r_expedientes_evaluacion_personas_contacto_t_parentescos1`
    FOREIGN KEY (`idParentesco`)
    REFERENCES `api_proyecto_php`.`t_parentescos` (`id`)
    ON DELETE NO ACTION
    ON UPDATE NO ACTION)
ENGINE = InnoDB;


-- -----------------------------------------------------
-- Table `api_proyecto_php`.`e_tipo_apoyo_social`
-- -----------------------------------------------------
CREATE TABLE IF NOT EXISTS `api_proyecto_php`.`e_tipo_apoyo_social` (
  `id` INT NOT NULL AUTO_INCREMENT,
  `tipo` VARCHAR(255) NULL,
  PRIMARY KEY (`id`))
ENGINE = InnoDB;


-- -----------------------------------------------------
-- Table `api_proyecto_php`.`e_apoyo_social`
-- -----------------------------------------------------
CREATE TABLE IF NOT EXISTS `api_proyecto_php`.`e_apoyo_social` (
  `id` INT NOT NULL AUTO_INCREMENT,
  `apoyo_social` VARCHAR(45) NULL,
  `id_tipo_apoyo_social` INT NULL,
  PRIMARY KEY (`id`),
  INDEX `fk_e_apoyo_social_e_tipo_apoyo_social1_idx` (`id_tipo_apoyo_social` ASC),
  CONSTRAINT `fk_e_apoyo_social_e_tipo_apoyo_social1`
    FOREIGN KEY (`id_tipo_apoyo_social`)
    REFERENCES `api_proyecto_php`.`e_tipo_apoyo_social` (`id`)
    ON DELETE NO ACTION
    ON UPDATE NO ACTION)
ENGINE = InnoDB;


-- -----------------------------------------------------
-- Table `api_proyecto_php`.`e_motivos_estancias`
-- -----------------------------------------------------
CREATE TABLE IF NOT EXISTS `api_proyecto_php`.`e_motivos_estancias` (
  `id` INT NOT NULL AUTO_INCREMENT,
  `motivo_estancia` VARCHAR(50) NOT NULL,
  PRIMARY KEY (`id`))
ENGINE = InnoDB;


-- -----------------------------------------------------
-- Table `api_proyecto_php`.`inf_sf_motivos_estancia`
-- -----------------------------------------------------
CREATE TABLE IF NOT EXISTS `api_proyecto_php`.`inf_sf_motivos_estancia` (
  `id` INT NOT NULL AUTO_INCREMENT,
  `idExpedienteEvaluacion` INT NOT NULL,
  `motivo_estancia` VARCHAR(50) NOT NULL,
  PRIMARY KEY (`id`),
  INDEX `fk_motivos_estancia_expedientes_evaluacion1_idx` (`idExpedienteEvaluacion` ASC),
  CONSTRAINT `fk_motivos_estancia_expedientes_evaluacion1`
    FOREIGN KEY (`idExpedienteEvaluacion`)
    REFERENCES `api_proyecto_php`.`expedientes_evaluacion` (`id`)
    ON DELETE NO ACTION
    ON UPDATE NO ACTION)
ENGINE = InnoDB;


-- -----------------------------------------------------
-- Table `api_proyecto_php`.`e_centros_sociales`
-- -----------------------------------------------------
CREATE TABLE IF NOT EXISTS `api_proyecto_php`.`e_centros_sociales` (
  `id` INT NOT NULL AUTO_INCREMENT,
  `centro_social` VARCHAR(128) NOT NULL,
  PRIMARY KEY (`id`))
ENGINE = InnoDB;


-- -----------------------------------------------------
-- Table `api_proyecto_php`.`centro_social`
-- -----------------------------------------------------
CREATE TABLE IF NOT EXISTS `api_proyecto_php`.`centro_social` (
  `id` INT NOT NULL AUTO_INCREMENT,
  `idExpedienteEvaluacion` INT NOT NULL,
  `centro_social` VARCHAR(128) NULL,
  PRIMARY KEY (`id`),
  INDEX `fk_centro_social_expedientes_evaluacion1_idx` (`idExpedienteEvaluacion` ASC),
  CONSTRAINT `fk_centro_social_expedientes_evaluacion1`
    FOREIGN KEY (`idExpedienteEvaluacion`)
    REFERENCES `api_proyecto_php`.`expedientes_evaluacion` (`id`)
    ON DELETE NO ACTION
    ON UPDATE NO ACTION)
ENGINE = InnoDB;


-- -----------------------------------------------------
-- Table `api_proyecto_php`.`e_tipos_viviendas`
-- -----------------------------------------------------
CREATE TABLE IF NOT EXISTS `api_proyecto_php`.`e_tipos_viviendas` (
  `id` INT NOT NULL AUTO_INCREMENT,
  `tipo_vivienda` VARCHAR(25) NOT NULL,
  PRIMARY KEY (`id`))
ENGINE = InnoDB;


-- -----------------------------------------------------
-- Table `api_proyecto_php`.`t_lugares_agresion`
-- -----------------------------------------------------
CREATE TABLE IF NOT EXISTS `api_proyecto_php`.`t_lugares_agresion` (
  `lugar_agresion` VARCHAR(25) NOT NULL,
  `id` INT NOT NULL AUTO_INCREMENT,
  PRIMARY KEY (`id`))
ENGINE = InnoDB;


-- -----------------------------------------------------
-- Table `api_proyecto_php`.`t_tipos_violencia`
-- -----------------------------------------------------
CREATE TABLE IF NOT EXISTS `api_proyecto_php`.`t_tipos_violencia` (
  `id` INT NOT NULL AUTO_INCREMENT,
  `tipo_violencia` VARCHAR(45) NULL,
  PRIMARY KEY (`id`))
ENGINE = InnoDB;


-- -----------------------------------------------------
-- Table `api_proyecto_php`.`t_momentos_agresion`
-- -----------------------------------------------------
CREATE TABLE IF NOT EXISTS `api_proyecto_php`.`t_momentos_agresion` (
  `momento_agresion` VARCHAR(10) NOT NULL,
  `id` INT NOT NULL AUTO_INCREMENT,
  PRIMARY KEY (`id`))
ENGINE = InnoDB;


-- -----------------------------------------------------
-- Table `api_proyecto_php`.`t_tipos_agresion`
-- -----------------------------------------------------
CREATE TABLE IF NOT EXISTS `api_proyecto_php`.`t_tipos_agresion` (
  `tipo_agresion` VARCHAR(20) NOT NULL,
  `id` INT NOT NULL AUTO_INCREMENT,
  PRIMARY KEY (`id`))
ENGINE = InnoDB;


-- -----------------------------------------------------
-- Table `api_proyecto_php`.`inf_do_delitos_odio`
-- -----------------------------------------------------
CREATE TABLE IF NOT EXISTS `api_proyecto_php`.`inf_do_delitos_odio` (
  `id` INT NOT NULL AUTO_INCREMENT,
  `idExpedienteEvaluacion` INT NOT NULL,
  `idTipoViolencia` INT NOT NULL,
  `fechahora` DATETIME NULL,
  `idLugarAgresion` INT NOT NULL,
  `descripcion_lugar_agresion` VARCHAR(256) NULL,
  `idMomentoAgresion` INT NOT NULL,
  `elementos_intimidatorios` VARCHAR(256) NULL,
  `idTipoAgresion` INT NOT NULL,
  `descripcion` VARCHAR(256) NULL,
  `consecuencias` VARCHAR(256) NULL,
  `denuncia_agresion_te` CHAR(2) NOT NULL,
  `denuncia_favorable_te` CHAR(2) NOT NULL,
  `observaciones_denuncia` VARCHAR(256) NULL,
  `motivos_renuncia_denuncia` VARCHAR(256) NULL,
  `solicitud_apoyo_te` CHAR(2) NOT NULL,
  `solicitud_apoyo_servicios_te` VARCHAR(256) NULL,
  `motivos_renuncia_solicitud_apoyo_te` VARCHAR(256) NULL,
  `observaciones` MEDIUMTEXT NULL,
  `created_at` DATETIME NULL,
  `updated_at` DATETIME NULL,
  `idUsuario_created_at` INT NOT NULL,
  `idUsuario_updated_at` INT NOT NULL,
  PRIMARY KEY (`id`),
  INDEX `fk_delitos_odio_expedientes_evaluacion1_idx` (`idExpedienteEvaluacion` ASC),
  INDEX `fk_delitos_odio_te_confirmacion5_idx` (`denuncia_agresion_te` ASC),
  INDEX `fk_delitos_odio_te_confirmacion6_idx` (`denuncia_favorable_te` ASC),
  INDEX `fk_delitos_odio_te_confirmacion7_idx` (`solicitud_apoyo_te` ASC),
  INDEX `fk_delitos_odio_t_tipos_violencia1_idx` (`idTipoViolencia` ASC),
  INDEX `fk_delitos_odio_te_lugares_agresion1_idx` (`idLugarAgresion` ASC),
  INDEX `fk_delitos_odio_t_momentos_agresion1_idx` (`idMomentoAgresion` ASC),
  INDEX `fk_delitos_odio_te_tipos_agresion2_idx` (`idTipoAgresion` ASC),
  INDEX `fk_inf_do_delitos_odio_usuarios1_idx` (`idUsuario_created_at` ASC),
  INDEX `fk_inf_do_delitos_odio_usuarios2_idx` (`idUsuario_updated_at` ASC),
  CONSTRAINT `fk_delitos_odio_expedientes_evaluacion1`
    FOREIGN KEY (`idExpedienteEvaluacion`)
    REFERENCES `api_proyecto_php`.`expedientes_evaluacion` (`id`)
    ON DELETE NO ACTION
    ON UPDATE NO ACTION,
  CONSTRAINT `fk_delitos_odio_te_confirmacion5`
    FOREIGN KEY (`denuncia_agresion_te`)
    REFERENCES `api_proyecto_php`.`te_confirmacion` (`confirmacion`)
    ON DELETE NO ACTION
    ON UPDATE NO ACTION,
  CONSTRAINT `fk_delitos_odio_te_confirmacion6`
    FOREIGN KEY (`denuncia_favorable_te`)
    REFERENCES `api_proyecto_php`.`te_confirmacion` (`confirmacion`)
    ON DELETE NO ACTION
    ON UPDATE NO ACTION,
  CONSTRAINT `fk_delitos_odio_te_confirmacion7`
    FOREIGN KEY (`solicitud_apoyo_te`)
    REFERENCES `api_proyecto_php`.`te_confirmacion` (`confirmacion`)
    ON DELETE NO ACTION
    ON UPDATE NO ACTION,
  CONSTRAINT `fk_delitos_odio_t_tipos_violencia1`
    FOREIGN KEY (`idTipoViolencia`)
    REFERENCES `api_proyecto_php`.`t_tipos_violencia` (`id`)
    ON DELETE NO ACTION
    ON UPDATE NO ACTION,
  CONSTRAINT `fk_delitos_odio_te_lugares_agresion1`
    FOREIGN KEY (`idLugarAgresion`)
    REFERENCES `api_proyecto_php`.`t_lugares_agresion` (`id`)
    ON DELETE NO ACTION
    ON UPDATE NO ACTION,
  CONSTRAINT `fk_delitos_odio_t_momentos_agresion1`
    FOREIGN KEY (`idMomentoAgresion`)
    REFERENCES `api_proyecto_php`.`t_momentos_agresion` (`id`)
    ON DELETE NO ACTION
    ON UPDATE NO ACTION,
  CONSTRAINT `fk_delitos_odio_te_tipos_agresion2`
    FOREIGN KEY (`idTipoAgresion`)
    REFERENCES `api_proyecto_php`.`t_tipos_agresion` (`id`)
    ON DELETE NO ACTION
    ON UPDATE NO ACTION,
  CONSTRAINT `fk_inf_do_delitos_odio_usuarios1`
    FOREIGN KEY (`idUsuario_created_at`)
    REFERENCES `api_proyecto_php`.`usuarios` (`id`)
    ON DELETE NO ACTION
    ON UPDATE NO ACTION,
  CONSTRAINT `fk_inf_do_delitos_odio_usuarios2`
    FOREIGN KEY (`idUsuario_updated_at`)
    REFERENCES `api_proyecto_php`.`usuarios` (`id`)
    ON DELETE NO ACTION
    ON UPDATE NO ACTION)
ENGINE = InnoDB;


-- -----------------------------------------------------
-- Table `api_proyecto_php`.`agresores_delitos_odio`
-- -----------------------------------------------------
CREATE TABLE IF NOT EXISTS `api_proyecto_php`.`agresores_delitos_odio` (
  `id` INT NOT NULL AUTO_INCREMENT,
  `idDelitoOdio` INT NOT NULL,
  `edad_agresor` INT NULL,
  `descripcion_agresor` VARCHAR(256) NULL,
  `idSexo` INT NOT NULL,
  PRIMARY KEY (`id`),
  INDEX `fk_agresores_delitos_odio1_idx` (`idDelitoOdio` ASC),
  INDEX `fk_agresores_delitos_odio_te_sexo1_idx` (`idSexo` ASC),
  CONSTRAINT `fk_agresores_delitos_odio1`
    FOREIGN KEY (`idDelitoOdio`)
    REFERENCES `api_proyecto_php`.`inf_do_delitos_odio` (`id`)
    ON DELETE NO ACTION
    ON UPDATE NO ACTION,
  CONSTRAINT `fk_agresores_delitos_odio_te_sexo1`
    FOREIGN KEY (`idSexo`)
    REFERENCES `api_proyecto_php`.`t_sexo` (`id`)
    ON DELETE NO ACTION
    ON UPDATE NO ACTION)
ENGINE = InnoDB;


-- -----------------------------------------------------
-- Table `api_proyecto_php`.`e_consecuencias_agresiones`
-- -----------------------------------------------------
CREATE TABLE IF NOT EXISTS `api_proyecto_php`.`e_consecuencias_agresiones` (
  `id` INT NOT NULL AUTO_INCREMENT,
  `tipo` VARCHAR(15) NOT NULL,
  `consecuencia` VARCHAR(128) NOT NULL,
  PRIMARY KEY (`id`))
ENGINE = InnoDB;


-- -----------------------------------------------------
-- Table `api_proyecto_php`.`testigos_delitos_odio`
-- -----------------------------------------------------
CREATE TABLE IF NOT EXISTS `api_proyecto_php`.`testigos_delitos_odio` (
  `id` INT NOT NULL AUTO_INCREMENT,
  `idDelitoOdio` INT NOT NULL,
  `edad_testigo` INT NULL,
  `descripcion_testigo` VARCHAR(256) NULL,
  `presta_ayuda` CHAR(2) NOT NULL,
  `idSexo` INT NOT NULL,
  PRIMARY KEY (`id`),
  INDEX `fk_agresores_delitos_odio1_idx` (`idDelitoOdio` ASC),
  INDEX `fk_testigos_te_confirmacion1_idx` (`presta_ayuda` ASC),
  INDEX `fk_testigos_delitos_odio_te_sexo1_idx` (`idSexo` ASC),
  CONSTRAINT `fk_agresores_delitos_odio10`
    FOREIGN KEY (`idDelitoOdio`)
    REFERENCES `api_proyecto_php`.`inf_do_delitos_odio` (`id`)
    ON DELETE NO ACTION
    ON UPDATE NO ACTION,
  CONSTRAINT `fk_testigos_te_confirmacion1`
    FOREIGN KEY (`presta_ayuda`)
    REFERENCES `api_proyecto_php`.`te_confirmacion` (`confirmacion`)
    ON DELETE NO ACTION
    ON UPDATE NO ACTION,
  CONSTRAINT `fk_testigos_delitos_odio_te_sexo1`
    FOREIGN KEY (`idSexo`)
    REFERENCES `api_proyecto_php`.`t_sexo` (`id`)
    ON DELETE NO ACTION
    ON UPDATE NO ACTION)
ENGINE = InnoDB;


-- -----------------------------------------------------
-- Table `api_proyecto_php`.`e_motivos_renuncias`
-- -----------------------------------------------------
CREATE TABLE IF NOT EXISTS `api_proyecto_php`.`e_motivos_renuncias` (
  `id` INT NOT NULL AUTO_INCREMENT,
  `motivo_renuncia` VARCHAR(64) NOT NULL,
  PRIMARY KEY (`id`))
ENGINE = InnoDB;


-- -----------------------------------------------------
-- Table `api_proyecto_php`.`t_servicios`
-- -----------------------------------------------------
CREATE TABLE IF NOT EXISTS `api_proyecto_php`.`t_servicios` (
  `id` INT NOT NULL AUTO_INCREMENT,
  `servicio` VARCHAR(65) NULL,
  PRIMARY KEY (`id`))
ENGINE = InnoDB;


-- -----------------------------------------------------
-- Table `api_proyecto_php`.`t_ambitos_agresion`
-- -----------------------------------------------------
CREATE TABLE IF NOT EXISTS `api_proyecto_php`.`t_ambitos_agresion` (
  `ambito_agresion` VARCHAR(10) NOT NULL,
  `id` INT NOT NULL AUTO_INCREMENT,
  PRIMARY KEY (`id`))
ENGINE = InnoDB;


-- -----------------------------------------------------
-- Table `api_proyecto_php`.`inf_vg_violencia_genero`
-- -----------------------------------------------------
CREATE TABLE IF NOT EXISTS `api_proyecto_php`.`inf_vg_violencia_genero` (
  `id` INT NOT NULL AUTO_INCREMENT,
  `idExpedienteEvaluacion` INT NOT NULL,
  `idTipoViolencia` INT NOT NULL,
  `fechahora` DATETIME NULL,
  `idLugarAgresion` INT NOT NULL,
  `descripcion_lugar_agresion` VARCHAR(256) NULL,
  `idAmbitoAgresion` INT NOT NULL,
  `idMomentoAgresion` INT NOT NULL,
  `elementos_intimidatorios` VARCHAR(256) NULL,
  `idTipoAgresion` INT NOT NULL,
  `descripcion` VARCHAR(256) NULL,
  `consecuencias` VARCHAR(256) NULL,
  `denuncia_agresion_te` CHAR(2) NOT NULL,
  `denuncia_favorable_te` CHAR(2) NOT NULL,
  `observaciones_denuncia` VARCHAR(256) NULL,
  `motivos_renuncia_denuncia` VARCHAR(256) NULL,
  `solicitud_apoyo_te` CHAR(2) NOT NULL,
  `solicitud_apoyo_servicios_te` VARCHAR(256) NULL,
  `motivos_renuncia_solicitud_apoyo` VARCHAR(256) NULL,
  `observaciones` MEDIUMTEXT NULL,
  `created_at` DATETIME NULL,
  `updated_at` DATETIME NULL,
  `idUsuario_created_at` INT NOT NULL,
  `idUsuario_updated_at` INT NOT NULL,
  PRIMARY KEY (`id`),
  INDEX `fk_delitos_odio_expedientes_evaluacion1_idx` (`idExpedienteEvaluacion` ASC),
  INDEX `fk_delitos_odio_te_confirmacion5_idx` (`denuncia_agresion_te` ASC),
  INDEX `fk_delitos_odio_te_confirmacion6_idx` (`denuncia_favorable_te` ASC),
  INDEX `fk_delitos_odio_te_confirmacion7_idx` (`solicitud_apoyo_te` ASC),
  INDEX `fk_inf_vg_violencia_genero_t_tipos_violencia1_idx` (`idTipoViolencia` ASC),
  INDEX `fk_inf_vg_violencia_genero_t_ambitos_agresion1_idx` (`idAmbitoAgresion` ASC),
  INDEX `fk_inf_vg_violencia_genero_t_momentos_agresion1_idx` (`idMomentoAgresion` ASC),
  INDEX `fk_inf_vg_violencia_genero_t_lugares_agresion1_idx` (`idLugarAgresion` ASC),
  INDEX `fk_inf_vg_violencia_genero_t_tipos_agresion1_idx` (`idTipoAgresion` ASC),
  INDEX `fk_inf_vg_violencia_genero_usuarios1_idx` (`idUsuario_created_at` ASC),
  INDEX `fk_inf_vg_violencia_genero_usuarios2_idx` (`idUsuario_updated_at` ASC),
  CONSTRAINT `fk_delitos_odio_expedientes_evaluacion10`
    FOREIGN KEY (`idExpedienteEvaluacion`)
    REFERENCES `api_proyecto_php`.`expedientes_evaluacion` (`id`)
    ON DELETE NO ACTION
    ON UPDATE NO ACTION,
  CONSTRAINT `fk_delitos_odio_te_confirmacion50`
    FOREIGN KEY (`denuncia_agresion_te`)
    REFERENCES `api_proyecto_php`.`te_confirmacion` (`confirmacion`)
    ON DELETE NO ACTION
    ON UPDATE NO ACTION,
  CONSTRAINT `fk_delitos_odio_te_confirmacion60`
    FOREIGN KEY (`denuncia_favorable_te`)
    REFERENCES `api_proyecto_php`.`te_confirmacion` (`confirmacion`)
    ON DELETE NO ACTION
    ON UPDATE NO ACTION,
  CONSTRAINT `fk_delitos_odio_te_confirmacion70`
    FOREIGN KEY (`solicitud_apoyo_te`)
    REFERENCES `api_proyecto_php`.`te_confirmacion` (`confirmacion`)
    ON DELETE NO ACTION
    ON UPDATE NO ACTION,
  CONSTRAINT `fk_inf_vg_violencia_genero_t_tipos_violencia1`
    FOREIGN KEY (`idTipoViolencia`)
    REFERENCES `api_proyecto_php`.`t_tipos_violencia` (`id`)
    ON DELETE NO ACTION
    ON UPDATE NO ACTION,
  CONSTRAINT `fk_inf_vg_violencia_genero_t_ambitos_agresion1`
    FOREIGN KEY (`idAmbitoAgresion`)
    REFERENCES `api_proyecto_php`.`t_ambitos_agresion` (`id`)
    ON DELETE NO ACTION
    ON UPDATE NO ACTION,
  CONSTRAINT `fk_inf_vg_violencia_genero_t_momentos_agresion1`
    FOREIGN KEY (`idMomentoAgresion`)
    REFERENCES `api_proyecto_php`.`t_momentos_agresion` (`id`)
    ON DELETE NO ACTION
    ON UPDATE NO ACTION,
  CONSTRAINT `fk_inf_vg_violencia_genero_t_lugares_agresion1`
    FOREIGN KEY (`idLugarAgresion`)
    REFERENCES `api_proyecto_php`.`t_lugares_agresion` (`id`)
    ON DELETE NO ACTION
    ON UPDATE NO ACTION,
  CONSTRAINT `fk_inf_vg_violencia_genero_t_tipos_agresion1`
    FOREIGN KEY (`idTipoAgresion`)
    REFERENCES `api_proyecto_php`.`t_tipos_agresion` (`id`)
    ON DELETE NO ACTION
    ON UPDATE NO ACTION,
  CONSTRAINT `fk_inf_vg_violencia_genero_usuarios1`
    FOREIGN KEY (`idUsuario_created_at`)
    REFERENCES `api_proyecto_php`.`usuarios` (`id`)
    ON DELETE NO ACTION
    ON UPDATE NO ACTION,
  CONSTRAINT `fk_inf_vg_violencia_genero_usuarios2`
    FOREIGN KEY (`idUsuario_updated_at`)
    REFERENCES `api_proyecto_php`.`usuarios` (`id`)
    ON DELETE NO ACTION
    ON UPDATE NO ACTION)
ENGINE = InnoDB;


-- -----------------------------------------------------
-- Table `api_proyecto_php`.`agresores_violencia_genero`
-- -----------------------------------------------------
CREATE TABLE IF NOT EXISTS `api_proyecto_php`.`agresores_violencia_genero` (
  `id` INT NOT NULL AUTO_INCREMENT,
  `idViolenciaGenero` INT NOT NULL,
  `idNacionalidad` INT NOT NULL,
  `parentesco` VARCHAR(45) NOT NULL,
  PRIMARY KEY (`id`),
  INDEX `fk_agresores_violencia_genero_violencia_genero1_idx` (`idViolenciaGenero` ASC),
  INDEX `fk_agresores_violencia_genero_t_paises1_idx` (`idNacionalidad` ASC),
  CONSTRAINT `fk_agresores_violencia_genero_violencia_genero1`
    FOREIGN KEY (`idViolenciaGenero`)
    REFERENCES `api_proyecto_php`.`inf_vg_violencia_genero` (`id`)
    ON DELETE NO ACTION
    ON UPDATE NO ACTION,
  CONSTRAINT `fk_agresores_violencia_genero_t_paises1`
    FOREIGN KEY (`idNacionalidad`)
    REFERENCES `api_proyecto_php`.`t_paises` (`id`)
    ON DELETE NO ACTION
    ON UPDATE NO ACTION)
ENGINE = InnoDB;


-- -----------------------------------------------------
-- Table `api_proyecto_php`.`e_situaciones_laborales`
-- -----------------------------------------------------
CREATE TABLE IF NOT EXISTS `api_proyecto_php`.`e_situaciones_laborales` (
  `situacion_laboral` VARCHAR(25) NOT NULL,
  `id` VARCHAR(45) NOT NULL,
  PRIMARY KEY (`id`))
ENGINE = InnoDB;


-- -----------------------------------------------------
-- Table `api_proyecto_php`.`e_ocupaciones_principales`
-- -----------------------------------------------------
CREATE TABLE IF NOT EXISTS `api_proyecto_php`.`e_ocupaciones_principales` (
  `id` INT NOT NULL AUTO_INCREMENT,
  `ocupacion_principal` VARCHAR(64) NOT NULL,
  PRIMARY KEY (`id`))
ENGINE = InnoDB;


-- -----------------------------------------------------
-- Table `api_proyecto_php`.`e_tipos_ingresos`
-- -----------------------------------------------------
CREATE TABLE IF NOT EXISTS `api_proyecto_php`.`e_tipos_ingresos` (
  `id` INT NOT NULL AUTO_INCREMENT,
  `tipo_ingreso` VARCHAR(64) NOT NULL,
  PRIMARY KEY (`id`))
ENGINE = InnoDB;


-- -----------------------------------------------------
-- Table `api_proyecto_php`.`t_estados_procedimientos_judiciales`
-- -----------------------------------------------------
CREATE TABLE IF NOT EXISTS `api_proyecto_php`.`t_estados_procedimientos_judiciales` (
  `id` INT NOT NULL AUTO_INCREMENT,
  `estado_procedimiento_judiciall` VARCHAR(15) NULL,
  PRIMARY KEY (`id`))
ENGINE = InnoDB;


-- -----------------------------------------------------
-- Table `api_proyecto_php`.`t_tipos_procedimientos_judiciales`
-- -----------------------------------------------------
CREATE TABLE IF NOT EXISTS `api_proyecto_php`.`t_tipos_procedimientos_judiciales` (
  `id` INT NOT NULL AUTO_INCREMENT,
  `estado_procedimiento_judiciall` VARCHAR(45) NULL,
  PRIMARY KEY (`id`))
ENGINE = InnoDB;


-- -----------------------------------------------------
-- Table `api_proyecto_php`.`e_causas_procedimientos_judiciales`
-- -----------------------------------------------------
CREATE TABLE IF NOT EXISTS `api_proyecto_php`.`e_causas_procedimientos_judiciales` (
  `id` INT NOT NULL AUTO_INCREMENT,
  `causas_procedimiento_judiciall` VARCHAR(45) NULL,
  PRIMARY KEY (`id`))
ENGINE = InnoDB;


-- -----------------------------------------------------
-- Table `api_proyecto_php`.`t_tipos_resoluciones_procedimientos_judiciales`
-- -----------------------------------------------------
CREATE TABLE IF NOT EXISTS `api_proyecto_php`.`t_tipos_resoluciones_procedimientos_judiciales` (
  `id` INT NOT NULL AUTO_INCREMENT,
  `tipo_resolucion` VARCHAR(45) NULL,
  PRIMARY KEY (`id`))
ENGINE = InnoDB;


-- -----------------------------------------------------
-- Table `api_proyecto_php`.`e_resoluciones_procedimientos_judiciales`
-- -----------------------------------------------------
CREATE TABLE IF NOT EXISTS `api_proyecto_php`.`e_resoluciones_procedimientos_judiciales` (
  `id` INT NOT NULL AUTO_INCREMENT,
  `tipo_resolucion` VARCHAR(64) NULL,
  PRIMARY KEY (`id`))
ENGINE = InnoDB;


-- -----------------------------------------------------
-- Table `api_proyecto_php`.`procedimientos_judiciales`
-- -----------------------------------------------------
CREATE TABLE IF NOT EXISTS `api_proyecto_php`.`procedimientos_judiciales` (
  `id` INT NOT NULL AUTO_INCREMENT,
  `idFichaPersonal` INT NOT NULL,
  `idExpedienteEvaluacion` INT NOT NULL,
  `idEstadoProdcedimientoJudicial` INT NOT NULL,
  `idTipoProcedimientoJudicial` INT NOT NULL,
  `idTipoResolucionesProcedimientosJudiciales` INT NOT NULL,
  `e_causa_procedimiento_judicial` VARCHAR(256) NULL,
  `e_resolucion_procedimiento_judicial_medida_cautelar` VARCHAR(45) NULL COMMENT 'En función de que sea sentencia firme o proceso abierto estamos hablando de sentencia o medidas cautelares',
  `observaciones` MEDIUMTEXT NULL,
  `created_at` DATETIME NULL,
  `updated_at` DATETIME NULL,
  `idUsuario_created_at` INT NOT NULL,
  `idUsuario_updated_at` INT NOT NULL,
  PRIMARY KEY (`id`),
  INDEX `fk_procedimientos_judiciales_expedientes_evaluacion1_idx` (`idExpedienteEvaluacion` ASC),
  INDEX `fk_procedimientos_judiciales_t_estados_procedimientos_judic_idx` (`idEstadoProdcedimientoJudicial` ASC),
  INDEX `fk_procedimientos_judiciales_t_tipos_procedimientos_judicia_idx` (`idTipoProcedimientoJudicial` ASC),
  INDEX `fk_procedimientos_judiciales_t_tipos_resoluciones_procedimi_idx` (`idTipoResolucionesProcedimientosJudiciales` ASC),
  INDEX `fk_procedimientos_judiciales_fichas_personas1_idx` (`idFichaPersonal` ASC),
  INDEX `fk_procedimientos_judiciales_usuarios1_idx` (`idUsuario_created_at` ASC),
  INDEX `fk_procedimientos_judiciales_usuarios2_idx` (`idUsuario_updated_at` ASC),
  CONSTRAINT `fk_procedimientos_judiciales_expedientes_evaluacion1`
    FOREIGN KEY (`idExpedienteEvaluacion`)
    REFERENCES `api_proyecto_php`.`expedientes_evaluacion` (`id`)
    ON DELETE NO ACTION
    ON UPDATE NO ACTION,
  CONSTRAINT `fk_procedimientos_judiciales_t_estados_procedimientos_judicia1`
    FOREIGN KEY (`idEstadoProdcedimientoJudicial`)
    REFERENCES `api_proyecto_php`.`t_estados_procedimientos_judiciales` (`id`)
    ON DELETE NO ACTION
    ON UPDATE NO ACTION,
  CONSTRAINT `fk_procedimientos_judiciales_t_tipos_procedimientos_judiciales1`
    FOREIGN KEY (`idTipoProcedimientoJudicial`)
    REFERENCES `api_proyecto_php`.`t_tipos_procedimientos_judiciales` (`id`)
    ON DELETE NO ACTION
    ON UPDATE NO ACTION,
  CONSTRAINT `fk_procedimientos_judiciales_t_tipos_resoluciones_procedimien1`
    FOREIGN KEY (`idTipoResolucionesProcedimientosJudiciales`)
    REFERENCES `api_proyecto_php`.`t_tipos_resoluciones_procedimientos_judiciales` (`id`)
    ON DELETE NO ACTION
    ON UPDATE NO ACTION,
  CONSTRAINT `fk_procedimientos_judiciales_fichas_personas1`
    FOREIGN KEY (`idFichaPersonal`)
    REFERENCES `api_proyecto_php`.`fichas_personas` (`id`)
    ON DELETE NO ACTION
    ON UPDATE NO ACTION,
  CONSTRAINT `fk_procedimientos_judiciales_usuarios1`
    FOREIGN KEY (`idUsuario_created_at`)
    REFERENCES `api_proyecto_php`.`usuarios` (`id`)
    ON DELETE NO ACTION
    ON UPDATE NO ACTION,
  CONSTRAINT `fk_procedimientos_judiciales_usuarios2`
    FOREIGN KEY (`idUsuario_updated_at`)
    REFERENCES `api_proyecto_php`.`usuarios` (`id`)
    ON DELETE NO ACTION
    ON UPDATE NO ACTION)
ENGINE = InnoDB;


-- -----------------------------------------------------
-- Table `api_proyecto_php`.`t_tipos_habitaciones`
-- -----------------------------------------------------
CREATE TABLE IF NOT EXISTS `api_proyecto_php`.`t_tipos_habitaciones` (
  `id` INT NOT NULL AUTO_INCREMENT,
  `tipo_habitacion` VARCHAR(45) NULL,
  PRIMARY KEY (`id`))
ENGINE = InnoDB;


-- -----------------------------------------------------
-- Table `api_proyecto_php`.`habitaciones`
-- -----------------------------------------------------
CREATE TABLE IF NOT EXISTS `api_proyecto_php`.`habitaciones` (
  `id` INT NOT NULL AUTO_INCREMENT,
  `habitacion` INT NOT NULL,
  `idTipoHabitacion` INT NOT NULL,
  `capacidad` INT NULL,
  `localizacion` VARCHAR(45) NULL,
  `observaciones` MEDIUMTEXT NULL,
  `created_at` DATETIME NULL,
  `updated_at` DATETIME NULL,
  `idUsuario_created_at` INT NULL,
  `idUsuario_updated_at` INT NULL,
  PRIMARY KEY (`id`),
  INDEX `fk_habitaciones_t_tipos_habitaciones1_idx` (`idTipoHabitacion` ASC),
  INDEX `fk_habitaciones_usuarios1_idx` (`idUsuario_created_at` ASC),
  INDEX `fk_habitaciones_usuarios2_idx` (`idUsuario_updated_at` ASC),
  INDEX `i1habitaciones` (`habitacion` ASC),
  UNIQUE INDEX `habitacion_UNIQUE` (`habitacion` ASC),
  CONSTRAINT `fk_habitaciones_t_tipos_habitaciones1`
    FOREIGN KEY (`idTipoHabitacion`)
    REFERENCES `api_proyecto_php`.`t_tipos_habitaciones` (`id`)
    ON DELETE NO ACTION
    ON UPDATE NO ACTION,
  CONSTRAINT `fk_habitaciones_usuarios1`
    FOREIGN KEY (`idUsuario_created_at`)
    REFERENCES `api_proyecto_php`.`usuarios` (`id`)
    ON DELETE NO ACTION
    ON UPDATE NO ACTION,
  CONSTRAINT `fk_habitaciones_usuarios2`
    FOREIGN KEY (`idUsuario_updated_at`)
    REFERENCES `api_proyecto_php`.`usuarios` (`id`)
    ON DELETE NO ACTION
    ON UPDATE NO ACTION)
ENGINE = InnoDB;


-- -----------------------------------------------------
-- Table `api_proyecto_php`.`camas`
-- -----------------------------------------------------
CREATE TABLE IF NOT EXISTS `api_proyecto_php`.`camas` (
  `id` INT NOT NULL AUTO_INCREMENT,
  `idHabitacion` INT NOT NULL,
  `cama` INT NULL,
  `observaciones` MEDIUMTEXT NULL,
  `created_at` DATETIME NULL,
  `updated_at` DATETIME NULL,
  `idUsuario_created_at` INT NULL,
  `idUsuario_updated_at` INT NULL,
  PRIMARY KEY (`id`),
  INDEX `fk_camas_habitaciones1_idx` (`idHabitacion` ASC),
  INDEX `i1camas` (`cama` ASC),
  INDEX `fk_camas_usuarios1_idx` (`idUsuario_created_at` ASC),
  INDEX `fk_camas_usuarios2_idx` (`idUsuario_updated_at` ASC),
  CONSTRAINT `fk_camas_habitaciones1`
    FOREIGN KEY (`idHabitacion`)
    REFERENCES `api_proyecto_php`.`habitaciones` (`id`)
    ON DELETE NO ACTION
    ON UPDATE NO ACTION,
  CONSTRAINT `fk_camas_usuarios1`
    FOREIGN KEY (`idUsuario_created_at`)
    REFERENCES `api_proyecto_php`.`usuarios` (`id`)
    ON DELETE NO ACTION
    ON UPDATE NO ACTION,
  CONSTRAINT `fk_camas_usuarios2`
    FOREIGN KEY (`idUsuario_updated_at`)
    REFERENCES `api_proyecto_php`.`usuarios` (`id`)
    ON DELETE NO ACTION
    ON UPDATE NO ACTION)
ENGINE = InnoDB;


-- -----------------------------------------------------
-- Table `api_proyecto_php`.`r_registro_camas`
-- -----------------------------------------------------
CREATE TABLE IF NOT EXISTS `api_proyecto_php`.`r_registro_camas` (
  `id` INT NOT NULL AUTO_INCREMENT,
  `idCama` INT NOT NULL,
  `idRegistro` INT NOT NULL,
  `fecha_inicio` DATE NULL,
  `fecha_final` DATE NULL,
  `observaciones` MEDIUMTEXT NULL,
  `created_at` DATETIME NULL,
  `updated_at` DATETIME NULL,
  `idUsuario_created_at` INT NOT NULL,
  `idUsuario_updated_at` INT NOT NULL,
  PRIMARY KEY (`id`),
  INDEX `fk_camas_has_registro_registro1_idx` (`idRegistro` ASC),
  INDEX `fk_camas_has_registro_camas1_idx` (`idCama` ASC),
  INDEX `fk_camas_has_registro_usuarios1_idx` (`idUsuario_created_at` ASC),
  INDEX `fk_camas_has_registro_usuarios2_idx` (`idUsuario_updated_at` ASC),
  CONSTRAINT `fk_camas_has_registro_camas1`
    FOREIGN KEY (`idCama`)
    REFERENCES `api_proyecto_php`.`camas` (`id`)
    ON DELETE NO ACTION
    ON UPDATE NO ACTION,
  CONSTRAINT `fk_camas_has_registro_registro1`
    FOREIGN KEY (`idRegistro`)
    REFERENCES `api_proyecto_php`.`registro` (`id`)
    ON DELETE NO ACTION
    ON UPDATE NO ACTION,
  CONSTRAINT `fk_camas_has_registro_usuarios1`
    FOREIGN KEY (`idUsuario_created_at`)
    REFERENCES `api_proyecto_php`.`usuarios` (`id`)
    ON DELETE NO ACTION
    ON UPDATE NO ACTION,
  CONSTRAINT `fk_camas_has_registro_usuarios2`
    FOREIGN KEY (`idUsuario_updated_at`)
    REFERENCES `api_proyecto_php`.`usuarios` (`id`)
    ON DELETE NO ACTION
    ON UPDATE NO ACTION)
ENGINE = InnoDB;


-- -----------------------------------------------------
-- Table `api_proyecto_php`.`config`
-- -----------------------------------------------------
CREATE TABLE IF NOT EXISTS `api_proyecto_php`.`config` (
  `numeros_ingresos` INT NULL,
  `numeros_expedientes_tecnicos` INT NULL,
  `numeros_expedientes_centro` INT NULL)
ENGINE = InnoDB;


-- -----------------------------------------------------
-- Table `api_proyecto_php`.`t_tipos_enfermedades`
-- -----------------------------------------------------
CREATE TABLE IF NOT EXISTS `api_proyecto_php`.`t_tipos_enfermedades` (
  `id` INT NOT NULL AUTO_INCREMENT,
  `tipo_enfermedad` VARCHAR(45) NULL,
  PRIMARY KEY (`id`))
ENGINE = InnoDB;


-- -----------------------------------------------------
-- Table `api_proyecto_php`.`enfermedades`
-- -----------------------------------------------------
CREATE TABLE IF NOT EXISTS `api_proyecto_php`.`enfermedades` (
  `id` INT NOT NULL AUTO_INCREMENT,
  `idFichaPersona` INT NOT NULL,
  `idExpedienteEvaluacion` INT NOT NULL,
  `idTipoEnfermedad` INT NOT NULL,
  `enfermedad` VARCHAR(128) NULL,
  `observaciones` MEDIUMTEXT NULL,
  `created_at` DATETIME NULL,
  `updated_at` DATETIME NULL,
  `idUsuario_created_at` INT NOT NULL,
  `idUsuario_updated_at` INT NOT NULL,
  PRIMARY KEY (`id`),
  INDEX `fk_enfermedades_t_tipos_enfermedades1_idx` (`idTipoEnfermedad` ASC),
  INDEX `fk_enfermedades_usuarios1_idx` (`idUsuario_created_at` ASC),
  INDEX `fk_enfermedades_usuarios2_idx` (`idUsuario_updated_at` ASC),
  INDEX `fk_enfermedades_fichas_personas1_idx` (`idFichaPersona` ASC),
  INDEX `fk_enfermedades_expedientes_evaluacion1_idx` (`idExpedienteEvaluacion` ASC),
  CONSTRAINT `fk_enfermedades_t_tipos_enfermedades1`
    FOREIGN KEY (`idTipoEnfermedad`)
    REFERENCES `api_proyecto_php`.`t_tipos_enfermedades` (`id`)
    ON DELETE NO ACTION
    ON UPDATE NO ACTION,
  CONSTRAINT `fk_enfermedades_usuarios1`
    FOREIGN KEY (`idUsuario_created_at`)
    REFERENCES `api_proyecto_php`.`usuarios` (`id`)
    ON DELETE NO ACTION
    ON UPDATE NO ACTION,
  CONSTRAINT `fk_enfermedades_usuarios2`
    FOREIGN KEY (`idUsuario_updated_at`)
    REFERENCES `api_proyecto_php`.`usuarios` (`id`)
    ON DELETE NO ACTION
    ON UPDATE NO ACTION,
  CONSTRAINT `fk_enfermedades_fichas_personas1`
    FOREIGN KEY (`idFichaPersona`)
    REFERENCES `api_proyecto_php`.`fichas_personas` (`id`)
    ON DELETE NO ACTION
    ON UPDATE NO ACTION,
  CONSTRAINT `fk_enfermedades_expedientes_evaluacion1`
    FOREIGN KEY (`idExpedienteEvaluacion`)
    REFERENCES `api_proyecto_php`.`expedientes_evaluacion` (`id`)
    ON DELETE NO ACTION
    ON UPDATE NO ACTION)
ENGINE = InnoDB;


-- -----------------------------------------------------
-- Table `api_proyecto_php`.`e_enfermedades`
-- -----------------------------------------------------
CREATE TABLE IF NOT EXISTS `api_proyecto_php`.`e_enfermedades` (
  `id` INT NOT NULL AUTO_INCREMENT,
  `idTipoEnfermedad` INT NOT NULL,
  `enfermedad` VARCHAR(128) NULL,
  PRIMARY KEY (`id`),
  INDEX `fk_t_enfermedades_t_tipos_enfermedades1_idx` (`idTipoEnfermedad` ASC),
  CONSTRAINT `fk_t_enfermedades_t_tipos_enfermedades1`
    FOREIGN KEY (`idTipoEnfermedad`)
    REFERENCES `api_proyecto_php`.`t_tipos_enfermedades` (`id`)
    ON DELETE NO ACTION
    ON UPDATE NO ACTION)
ENGINE = InnoDB;


-- -----------------------------------------------------
-- Table `api_proyecto_php`.`t_conceptos_ingresos_economicos`
-- -----------------------------------------------------
CREATE TABLE IF NOT EXISTS `api_proyecto_php`.`t_conceptos_ingresos_economicos` (
  `id` INT NOT NULL AUTO_INCREMENT,
  `concepto_economico` VARCHAR(64) NULL,
  PRIMARY KEY (`id`))
ENGINE = InnoDB;


-- -----------------------------------------------------
-- Table `api_proyecto_php`.`inf_fl_datos_economicos`
-- -----------------------------------------------------
CREATE TABLE IF NOT EXISTS `api_proyecto_php`.`inf_fl_datos_economicos` (
  `id` INT NOT NULL AUTO_INCREMENT,
  `idExpedienteEvaluacion` INT NOT NULL,
  `idConceptoIngreso` INT NOT NULL,
  `e_tipo_ingreso` VARCHAR(64) NULL,
  `importe` INT NULL,
  `observaciones` MEDIUMTEXT NULL,
  `created_at` DATETIME NULL,
  `updated_at` DATETIME NULL,
  `idUsuario_created_at` INT NOT NULL,
  `idUsuario_updated_at` INT NOT NULL,
  PRIMARY KEY (`id`),
  INDEX `fk_datos_economicos_expedientes_evaluacion1_idx` (`idExpedienteEvaluacion` ASC),
  INDEX `fk_datos_economicos_t_conceptos_ingresos_economicos1_idx` (`idConceptoIngreso` ASC),
  INDEX `fk_datos_economicos_usuarios1_idx` (`idUsuario_created_at` ASC),
  INDEX `fk_datos_economicos_usuarios2_idx` (`idUsuario_updated_at` ASC),
  CONSTRAINT `fk_datos_economicos_expedientes_evaluacion1`
    FOREIGN KEY (`idExpedienteEvaluacion`)
    REFERENCES `api_proyecto_php`.`expedientes_evaluacion` (`id`)
    ON DELETE NO ACTION
    ON UPDATE NO ACTION,
  CONSTRAINT `fk_datos_economicos_t_conceptos_ingresos_economicos1`
    FOREIGN KEY (`idConceptoIngreso`)
    REFERENCES `api_proyecto_php`.`t_conceptos_ingresos_economicos` (`id`)
    ON DELETE NO ACTION
    ON UPDATE NO ACTION,
  CONSTRAINT `fk_datos_economicos_usuarios1`
    FOREIGN KEY (`idUsuario_created_at`)
    REFERENCES `api_proyecto_php`.`usuarios` (`id`)
    ON DELETE NO ACTION
    ON UPDATE NO ACTION,
  CONSTRAINT `fk_datos_economicos_usuarios2`
    FOREIGN KEY (`idUsuario_updated_at`)
    REFERENCES `api_proyecto_php`.`usuarios` (`id`)
    ON DELETE NO ACTION
    ON UPDATE NO ACTION)
ENGINE = InnoDB;


-- -----------------------------------------------------
-- Table `api_proyecto_php`.`inf_actuaciones_expedientes`
-- -----------------------------------------------------
CREATE TABLE IF NOT EXISTS `api_proyecto_php`.`inf_actuaciones_expedientes` (
  `id` INT NOT NULL AUTO_INCREMENT,
  `idExpedienteEvaluacion` INT NOT NULL,
  `fechahora` DATETIME NULL,
  `actuacion` MEDIUMTEXT NULL,
  `created_at` DATETIME NULL,
  `updated_at` DATETIME NULL,
  `idUsuario_created_at` INT NOT NULL,
  `idUsuario_updated_at` INT NOT NULL,
  PRIMARY KEY (`id`),
  INDEX `fk_actuaciones_expedientes_expedientes_evaluacion1_idx` (`idExpedienteEvaluacion` ASC),
  INDEX `fk_actuaciones_expedientes_usuarios1_idx` (`idUsuario_created_at` ASC),
  INDEX `fk_actuaciones_expedientes_usuarios2_idx` (`idUsuario_updated_at` ASC),
  CONSTRAINT `fk_actuaciones_expedientes_expedientes_evaluacion1`
    FOREIGN KEY (`idExpedienteEvaluacion`)
    REFERENCES `api_proyecto_php`.`expedientes_evaluacion` (`id`)
    ON DELETE NO ACTION
    ON UPDATE NO ACTION,
  CONSTRAINT `fk_actuaciones_expedientes_usuarios1`
    FOREIGN KEY (`idUsuario_created_at`)
    REFERENCES `api_proyecto_php`.`usuarios` (`id`)
    ON DELETE NO ACTION
    ON UPDATE NO ACTION,
  CONSTRAINT `fk_actuaciones_expedientes_usuarios2`
    FOREIGN KEY (`idUsuario_updated_at`)
    REFERENCES `api_proyecto_php`.`usuarios` (`id`)
    ON DELETE NO ACTION
    ON UPDATE NO ACTION)
ENGINE = InnoDB;


-- -----------------------------------------------------
-- Table `api_proyecto_php`.`inf_sf_apoyo_social`
-- -----------------------------------------------------
CREATE TABLE IF NOT EXISTS `api_proyecto_php`.`inf_sf_apoyo_social` (
  `int` INT NOT NULL AUTO_INCREMENT,
  `idExpedienteEvaluacion` INT NOT NULL,
  `apoyo_social_e` VARCHAR(45) NULL,
  PRIMARY KEY (`int`),
  INDEX `fk_inf_sf_apoyo_social_expedientes_evaluacion1_idx` (`idExpedienteEvaluacion` ASC),
  CONSTRAINT `fk_inf_sf_apoyo_social_expedientes_evaluacion1`
    FOREIGN KEY (`idExpedienteEvaluacion`)
    REFERENCES `api_proyecto_php`.`expedientes_evaluacion` (`id`)
    ON DELETE NO ACTION
    ON UPDATE NO ACTION)
ENGINE = InnoDB;


-- -----------------------------------------------------
-- Table `api_proyecto_php`.`t_tipo_centro_cohabita`
-- -----------------------------------------------------
CREATE TABLE IF NOT EXISTS `api_proyecto_php`.`t_tipo_centro_cohabita` (
  `id` INT NOT NULL,
  `centro` VARCHAR(255) NULL,
  PRIMARY KEY (`id`))
ENGINE = InnoDB;


-- -----------------------------------------------------
-- Table `api_proyecto_php`.`t_tipo_centro_cohabita_expedientes_evaluacion`
-- -----------------------------------------------------
CREATE TABLE IF NOT EXISTS `api_proyecto_php`.`t_tipo_centro_cohabita_expedientes_evaluacion` (
  `id` INT NOT NULL AUTO_INCREMENT,
  `t_tipo_centro_cohabita_id` INT NULL,
  `expedientes_evaluacion_id` INT NULL,
  INDEX `fk_t_tipo_centro_cohabita_has_expedientes_evaluacion_expedi_idx` (`expedientes_evaluacion_id` ASC),
  INDEX `fk_t_tipo_centro_cohabita_has_expedientes_evaluacion_t_tipo_idx` (`t_tipo_centro_cohabita_id` ASC),
  PRIMARY KEY (`id`),
  CONSTRAINT `fk_t_tipo_centro_cohabita_has_expedientes_evaluacion_t_tipo_c1`
    FOREIGN KEY (`t_tipo_centro_cohabita_id`)
    REFERENCES `api_proyecto_php`.`t_tipo_centro_cohabita` (`id`)
    ON DELETE NO ACTION
    ON UPDATE NO ACTION,
  CONSTRAINT `fk_t_tipo_centro_cohabita_has_expedientes_evaluacion_expedien1`
    FOREIGN KEY (`expedientes_evaluacion_id`)
    REFERENCES `api_proyecto_php`.`expedientes_evaluacion` (`id`)
    ON DELETE NO ACTION
    ON UPDATE NO ACTION)
ENGINE = InnoDB;


SET SQL_MODE=@OLD_SQL_MODE;
SET FOREIGN_KEY_CHECKS=@OLD_FOREIGN_KEY_CHECKS;
SET UNIQUE_CHECKS=@OLD_UNIQUE_CHECKS;

-- -----------------------------------------------------
-- Data for table `api_proyecto_php`.`t_paises`
-- -----------------------------------------------------
START TRANSACTION;
USE `api_proyecto_php`;
INSERT INTO `api_proyecto_php`.`t_paises` (`id`, `codigo`, `nacionalidad`) VALUES (1, 'ES', 'España');
INSERT INTO `api_proyecto_php`.`t_paises` (`id`, `codigo`, `nacionalidad`) VALUES (2, 'MA', 'Marruecos');
INSERT INTO `api_proyecto_php`.`t_paises` (`id`, `codigo`, `nacionalidad`) VALUES (3, 'RU', 'Rumanía');

COMMIT;


-- -----------------------------------------------------
-- Data for table `api_proyecto_php`.`t_provincias`
-- -----------------------------------------------------
START TRANSACTION;
USE `api_proyecto_php`;
INSERT INTO `api_proyecto_php`.`t_provincias` (`id`, `codigo`, `provincia`, `idPais`) VALUES (1, 'CO', 'Córdoba', 1);
INSERT INTO `api_proyecto_php`.`t_provincias` (`id`, `codigo`, `provincia`, `idPais`) VALUES (2, 'SE', 'Sevilla', 1);

COMMIT;


-- -----------------------------------------------------
-- Data for table `api_proyecto_php`.`t_poblaciones`
-- -----------------------------------------------------
START TRANSACTION;
USE `api_proyecto_php`;
INSERT INTO `api_proyecto_php`.`t_poblaciones` (`id`, `poblacion`, `idProvincia`) VALUES (1, 'Moriles', 1);
INSERT INTO `api_proyecto_php`.`t_poblaciones` (`id`, `poblacion`, `idProvincia`) VALUES (2, 'Los corrales', 2);

COMMIT;


-- -----------------------------------------------------
-- Data for table `api_proyecto_php`.`t_estados_civiles`
-- -----------------------------------------------------
START TRANSACTION;
USE `api_proyecto_php`;
INSERT INTO `api_proyecto_php`.`t_estados_civiles` (`id`, `estado_civil`) VALUES (1, 'Soltero/soltera');
INSERT INTO `api_proyecto_php`.`t_estados_civiles` (`id`, `estado_civil`) VALUES (2, 'Casado/casada');
INSERT INTO `api_proyecto_php`.`t_estados_civiles` (`id`, `estado_civil`) VALUES (3, 'Separado/separada');
INSERT INTO `api_proyecto_php`.`t_estados_civiles` (`id`, `estado_civil`) VALUES (4, 'Divorciado/Divorciada');
INSERT INTO `api_proyecto_php`.`t_estados_civiles` (`id`, `estado_civil`) VALUES (5, 'Viudo/viuda');
INSERT INTO `api_proyecto_php`.`t_estados_civiles` (`id`, `estado_civil`) VALUES (6, 'Pareja de hecho');
INSERT INTO `api_proyecto_php`.`t_estados_civiles` (`id`, `estado_civil`) VALUES (7, 'Pareja análoga');

COMMIT;


-- -----------------------------------------------------
-- Data for table `api_proyecto_php`.`t_formas_ingreso`
-- -----------------------------------------------------
START TRANSACTION;
USE `api_proyecto_php`;
INSERT INTO `api_proyecto_php`.`t_formas_ingreso` (`id`, `forma_ingreso`) VALUES (1, 'Acceso directo');
INSERT INTO `api_proyecto_php`.`t_formas_ingreso` (`id`, `forma_ingreso`) VALUES (2, 'Derivación');
INSERT INTO `api_proyecto_php`.`t_formas_ingreso` (`id`, `forma_ingreso`) VALUES (3, 'Emergencia');

COMMIT;


-- -----------------------------------------------------
-- Data for table `api_proyecto_php`.`t_origen_ingreso`
-- -----------------------------------------------------
START TRANSACTION;
USE `api_proyecto_php`;
INSERT INTO `api_proyecto_php`.`t_origen_ingreso` (`id`, `origen_ingreso`) VALUES (1, 'Servicios Sociales/Ayuntamiento');
INSERT INTO `api_proyecto_php`.`t_origen_ingreso` (`id`, `origen_ingreso`) VALUES (2, 'Hospital/Servicios de salud');
INSERT INTO `api_proyecto_php`.`t_origen_ingreso` (`id`, `origen_ingreso`) VALUES (3, 'Salud Mental');
INSERT INTO `api_proyecto_php`.`t_origen_ingreso` (`id`, `origen_ingreso`) VALUES (4, 'Red Cohabita');
INSERT INTO `api_proyecto_php`.`t_origen_ingreso` (`id`, `origen_ingreso`) VALUES (5, 'Centro de Protección de Menores/Juventud');
INSERT INTO `api_proyecto_php`.`t_origen_ingreso` (`id`, `origen_ingreso`) VALUES (6, 'Adicciones');
INSERT INTO `api_proyecto_php`.`t_origen_ingreso` (`id`, `origen_ingreso`) VALUES (7, 'Centro Penitenciario/Centro de Reforma');
INSERT INTO `api_proyecto_php`.`t_origen_ingreso` (`id`, `origen_ingreso`) VALUES (8, 'Servicios de Empleo');
INSERT INTO `api_proyecto_php`.`t_origen_ingreso` (`id`, `origen_ingreso`) VALUES (9, 'Inmigración');
INSERT INTO `api_proyecto_php`.`t_origen_ingreso` (`id`, `origen_ingreso`) VALUES (10, 'Mujer');
INSERT INTO `api_proyecto_php`.`t_origen_ingreso` (`id`, `origen_ingreso`) VALUES (11, 'Policía/Fuerzas de seguridad');

COMMIT;


-- -----------------------------------------------------
-- Data for table `api_proyecto_php`.`t_niveles_estudios`
-- -----------------------------------------------------
START TRANSACTION;
USE `api_proyecto_php`;
INSERT INTO `api_proyecto_php`.`t_niveles_estudios` (`id`, `nivel_estudios`) VALUES (1, 'No sabe ni leer ni escribir');
INSERT INTO `api_proyecto_php`.`t_niveles_estudios` (`id`, `nivel_estudios`) VALUES (2, 'No ha finalizado la Educación Primaria Obligatoria.');
INSERT INTO `api_proyecto_php`.`t_niveles_estudios` (`id`, `nivel_estudios`) VALUES (3, 'Ha finalizado la Educación Primaria Obligatoria.');
INSERT INTO `api_proyecto_php`.`t_niveles_estudios` (`id`, `nivel_estudios`) VALUES (4, 'No ha finalizado la Educación Secundaria Obligatoria.');
INSERT INTO `api_proyecto_php`.`t_niveles_estudios` (`id`, `nivel_estudios`) VALUES (5, 'Ha finalizado la Educación Secundaria Obligatoria.');
INSERT INTO `api_proyecto_php`.`t_niveles_estudios` (`id`, `nivel_estudios`) VALUES (6, 'No ha finalizado Bachillerato o Ciclo Formativo de Grado Medio.');
INSERT INTO `api_proyecto_php`.`t_niveles_estudios` (`id`, `nivel_estudios`) VALUES (7, 'Ha finalizado Bachillerato o Ciclo Formativo de Grado Medio.');
INSERT INTO `api_proyecto_php`.`t_niveles_estudios` (`id`, `nivel_estudios`) VALUES (8, 'Ha finalizado estudios superiores (Ciclo formativo de Grado Superior).');
INSERT INTO `api_proyecto_php`.`t_niveles_estudios` (`id`, `nivel_estudios`) VALUES (9, 'Estudios Universitarios.');
INSERT INTO `api_proyecto_php`.`t_niveles_estudios` (`id`, `nivel_estudios`) VALUES (10, 'Estudio de Postgrado.');
INSERT INTO `api_proyecto_php`.`t_niveles_estudios` (`id`, `nivel_estudios`) VALUES (11, 'Formación no reglada / Acciones formativas orientadas al empleo.');

COMMIT;


-- -----------------------------------------------------
-- Data for table `api_proyecto_php`.`t_tiempos_desempleo`
-- -----------------------------------------------------
START TRANSACTION;
USE `api_proyecto_php`;
INSERT INTO `api_proyecto_php`.`t_tiempos_desempleo` (`id`, `tiempo_desempleo`) VALUES (1, 'Menos de seis meses');
INSERT INTO `api_proyecto_php`.`t_tiempos_desempleo` (`id`, `tiempo_desempleo`) VALUES (2, 'Seis meses a un año');
INSERT INTO `api_proyecto_php`.`t_tiempos_desempleo` (`id`, `tiempo_desempleo`) VALUES (3, 'Un año a tres años');
INSERT INTO `api_proyecto_php`.`t_tiempos_desempleo` (`id`, `tiempo_desempleo`) VALUES (4, 'Tres años a seis años');
INSERT INTO `api_proyecto_php`.`t_tiempos_desempleo` (`id`, `tiempo_desempleo`) VALUES (5, 'Seis años a nueve años');
INSERT INTO `api_proyecto_php`.`t_tiempos_desempleo` (`id`, `tiempo_desempleo`) VALUES (6, 'Nueve años a doce años');
INSERT INTO `api_proyecto_php`.`t_tiempos_desempleo` (`id`, `tiempo_desempleo`) VALUES (7, 'Más de doce años');

COMMIT;


-- -----------------------------------------------------
-- Data for table `api_proyecto_php`.`t_contratos_laboral`
-- -----------------------------------------------------
START TRANSACTION;
USE `api_proyecto_php`;
INSERT INTO `api_proyecto_php`.`t_contratos_laboral` (`id`, `idContratoLaboral`) VALUES (1, 'Si');
INSERT INTO `api_proyecto_php`.`t_contratos_laboral` (`id`, `idContratoLaboral`) VALUES (2, 'No');
INSERT INTO `api_proyecto_php`.`t_contratos_laboral` (`id`, `idContratoLaboral`) VALUES (3, 'Autónomo');
INSERT INTO `api_proyecto_php`.`t_contratos_laboral` (`id`, `idContratoLaboral`) VALUES (4, 'Sin experiencia profesional');

COMMIT;


-- -----------------------------------------------------
-- Data for table `api_proyecto_php`.`t_tipos_contrato`
-- -----------------------------------------------------
START TRANSACTION;
USE `api_proyecto_php`;
INSERT INTO `api_proyecto_php`.`t_tipos_contrato` (`id`, `tipo_contrato`) VALUES (1, 'Temporal');
INSERT INTO `api_proyecto_php`.`t_tipos_contrato` (`id`, `tipo_contrato`) VALUES (2, 'Indefinido');

COMMIT;


-- -----------------------------------------------------
-- Data for table `api_proyecto_php`.`t_cuantias_economicas`
-- -----------------------------------------------------
START TRANSACTION;
USE `api_proyecto_php`;
INSERT INTO `api_proyecto_php`.`t_cuantias_economicas` (`id`, `cuantia_economica`) VALUES (1, 'Menos de 300 euros');
INSERT INTO `api_proyecto_php`.`t_cuantias_economicas` (`id`, `cuantia_economica`) VALUES (2, 'De 300 a 500 euros');
INSERT INTO `api_proyecto_php`.`t_cuantias_economicas` (`id`, `cuantia_economica`) VALUES (3, 'De 500 a 700 euros');
INSERT INTO `api_proyecto_php`.`t_cuantias_economicas` (`id`, `cuantia_economica`) VALUES (4, 'De 700 a 900 euros');
INSERT INTO `api_proyecto_php`.`t_cuantias_economicas` (`id`, `cuantia_economica`) VALUES (5, 'Más de 900 euros');

COMMIT;


-- -----------------------------------------------------
-- Data for table `api_proyecto_php`.`t_sexo_ev`
-- -----------------------------------------------------
START TRANSACTION;
USE `api_proyecto_php`;
INSERT INTO `api_proyecto_php`.`t_sexo_ev` (`id`, `sexo`) VALUES (1, 'Hombre cisgénero');
INSERT INTO `api_proyecto_php`.`t_sexo_ev` (`id`, `sexo`) VALUES (2, 'Hombre transgénero');
INSERT INTO `api_proyecto_php`.`t_sexo_ev` (`id`, `sexo`) VALUES (3, 'Hombre transexual');
INSERT INTO `api_proyecto_php`.`t_sexo_ev` (`id`, `sexo`) VALUES (4, 'Mujer cisgénero');
INSERT INTO `api_proyecto_php`.`t_sexo_ev` (`id`, `sexo`) VALUES (5, 'Mujer transgénero');
INSERT INTO `api_proyecto_php`.`t_sexo_ev` (`id`, `sexo`) VALUES (6, 'Mujer transexual');

COMMIT;


-- -----------------------------------------------------
-- Data for table `api_proyecto_php`.`t_orientacion_sexual`
-- -----------------------------------------------------
START TRANSACTION;
USE `api_proyecto_php`;
INSERT INTO `api_proyecto_php`.`t_orientacion_sexual` (`id`, `orientacion_sexual`) VALUES (1, 'Bisexual');
INSERT INTO `api_proyecto_php`.`t_orientacion_sexual` (`id`, `orientacion_sexual`) VALUES (2, 'Heterosexual');
INSERT INTO `api_proyecto_php`.`t_orientacion_sexual` (`id`, `orientacion_sexual`) VALUES (3, 'Homosexual');

COMMIT;


-- -----------------------------------------------------
-- Data for table `api_proyecto_php`.`tipo_usuario`
-- -----------------------------------------------------
START TRANSACTION;
USE `api_proyecto_php`;
INSERT INTO `api_proyecto_php`.`tipo_usuario` (`id`, `tipo`) VALUES (1, 'conserje');
INSERT INTO `api_proyecto_php`.`tipo_usuario` (`id`, `tipo`) VALUES (2, 'tecnico');

COMMIT;


-- -----------------------------------------------------
-- Data for table `api_proyecto_php`.`usuarios`
-- -----------------------------------------------------
START TRANSACTION;
USE `api_proyecto_php`;
INSERT INTO `api_proyecto_php`.`usuarios` (`id`, `nombre`, `email`, `password`, `tipo_usuario_id`) VALUES (1, 'conserje', 'conserje@gmail.com', '1234', 1);
INSERT INTO `api_proyecto_php`.`usuarios` (`id`, `nombre`, `email`, `password`, `tipo_usuario_id`) VALUES (2, 'tecnico', 'tecnico@gmail.com', '1234', 2);
INSERT INTO `api_proyecto_php`.`usuarios` (`id`, `nombre`, `email`, `password`, `tipo_usuario_id`) VALUES (3, 'conserje2', 'conserje2@gmail.com', '1234', 1);
INSERT INTO `api_proyecto_php`.`usuarios` (`id`, `nombre`, `email`, `password`, `tipo_usuario_id`) VALUES (4, 'tecnico2', 'tecnico2@gmail.com', '1234', 2);

COMMIT;


-- -----------------------------------------------------
-- Data for table `api_proyecto_php`.`t_sexo`
-- -----------------------------------------------------
START TRANSACTION;
USE `api_proyecto_php`;
INSERT INTO `api_proyecto_php`.`t_sexo` (`sexo`, `id`) VALUES ('Hombre', 1);
INSERT INTO `api_proyecto_php`.`t_sexo` (`sexo`, `id`) VALUES ('Mujer', 2);

COMMIT;


-- -----------------------------------------------------
-- Data for table `api_proyecto_php`.`t_permiso_residencia`
-- -----------------------------------------------------
START TRANSACTION;
USE `api_proyecto_php`;
INSERT INTO `api_proyecto_php`.`t_permiso_residencia` (`id`, `tipo`) VALUES (1, 'Temporal no lucrativa');
INSERT INTO `api_proyecto_php`.`t_permiso_residencia` (`id`, `tipo`) VALUES (2, 'Temporal lucrativa');
INSERT INTO `api_proyecto_php`.`t_permiso_residencia` (`id`, `tipo`) VALUES (3, 'Permanente');
INSERT INTO `api_proyecto_php`.`t_permiso_residencia` (`id`, `tipo`) VALUES (4, 'Asilo/protección internacional');

COMMIT;


-- -----------------------------------------------------
-- Data for table `api_proyecto_php`.`e_tipos_documentos`
-- -----------------------------------------------------
START TRANSACTION;
USE `api_proyecto_php`;
INSERT INTO `api_proyecto_php`.`e_tipos_documentos` (`id`, `tipo_documento`) VALUES (1, 'DNI');
INSERT INTO `api_proyecto_php`.`e_tipos_documentos` (`id`, `tipo_documento`) VALUES (2, 'NIE');
INSERT INTO `api_proyecto_php`.`e_tipos_documentos` (`id`, `tipo_documento`) VALUES (3, 'PASAPORTE');

COMMIT;


-- -----------------------------------------------------
-- Data for table `api_proyecto_php`.`t_tipos_documento`
-- -----------------------------------------------------
START TRANSACTION;
USE `api_proyecto_php`;
INSERT INTO `api_proyecto_php`.`t_tipos_documento` (`id`, `documento`) VALUES (1, 'DNI');
INSERT INTO `api_proyecto_php`.`t_tipos_documento` (`id`, `documento`) VALUES (2, 'TIE');
INSERT INTO `api_proyecto_php`.`t_tipos_documento` (`id`, `documento`) VALUES (3, 'Pasaporte');
INSERT INTO `api_proyecto_php`.`t_tipos_documento` (`id`, `documento`) VALUES (4, 'DNI - País origen');

COMMIT;


-- -----------------------------------------------------
-- Data for table `api_proyecto_php`.`t_tipos_ausencia_documento`
-- -----------------------------------------------------
START TRANSACTION;
USE `api_proyecto_php`;
INSERT INTO `api_proyecto_php`.`t_tipos_ausencia_documento` (`id`, `ausencia_documento`) VALUES (1, 'Robo');
INSERT INTO `api_proyecto_php`.`t_tipos_ausencia_documento` (`id`, `ausencia_documento`) VALUES (2, 'Extravío');
INSERT INTO `api_proyecto_php`.`t_tipos_ausencia_documento` (`id`, `ausencia_documento`) VALUES (3, 'Carencia');

COMMIT;


-- -----------------------------------------------------
-- Data for table `api_proyecto_php`.`te_confirmacion`
-- -----------------------------------------------------
START TRANSACTION;
USE `api_proyecto_php`;
INSERT INTO `api_proyecto_php`.`te_confirmacion` (`confirmacion`) VALUES ('Si');
INSERT INTO `api_proyecto_php`.`te_confirmacion` (`confirmacion`) VALUES ('No');

COMMIT;


-- -----------------------------------------------------
-- Data for table `api_proyecto_php`.`t_parentescos`
-- -----------------------------------------------------
START TRANSACTION;
USE `api_proyecto_php`;
INSERT INTO `api_proyecto_php`.`t_parentescos` (`parentesco`, `id`) VALUES ('Padre/madre', 1);
INSERT INTO `api_proyecto_php`.`t_parentescos` (`parentesco`, `id`) VALUES ('Hermanos/hermanas', 2);
INSERT INTO `api_proyecto_php`.`t_parentescos` (`parentesco`, `id`) VALUES ('Hijos/hijas', 3);
INSERT INTO `api_proyecto_php`.`t_parentescos` (`parentesco`, `id`) VALUES ('Marido/mujer/pareja', 4);
INSERT INTO `api_proyecto_php`.`t_parentescos` (`parentesco`, `id`) VALUES ('Primos/primas', 5);
INSERT INTO `api_proyecto_php`.`t_parentescos` (`parentesco`, `id`) VALUES ('Tios/tias', 6);
INSERT INTO `api_proyecto_php`.`t_parentescos` (`parentesco`, `id`) VALUES ('Sobrinos/sobrinas', 7);
INSERT INTO `api_proyecto_php`.`t_parentescos` (`parentesco`, `id`) VALUES ('Abuelos/abuelas', 8);

COMMIT;


-- -----------------------------------------------------
-- Data for table `api_proyecto_php`.`e_tipo_apoyo_social`
-- -----------------------------------------------------
START TRANSACTION;
USE `api_proyecto_php`;
INSERT INTO `api_proyecto_php`.`e_tipo_apoyo_social` (`id`, `tipo`) VALUES (1, 'Formal');
INSERT INTO `api_proyecto_php`.`e_tipo_apoyo_social` (`id`, `tipo`) VALUES (2, 'Informal');

COMMIT;


-- -----------------------------------------------------
-- Data for table `api_proyecto_php`.`e_apoyo_social`
-- -----------------------------------------------------
START TRANSACTION;
USE `api_proyecto_php`;
INSERT INTO `api_proyecto_php`.`e_apoyo_social` (`id`, `apoyo_social`, `id_tipo_apoyo_social`) VALUES (1, 'Servicios sociales', 1);
INSERT INTO `api_proyecto_php`.`e_apoyo_social` (`id`, `apoyo_social`, `id_tipo_apoyo_social`) VALUES (2, 'Asociaciones/fundaciones', 1);
INSERT INTO `api_proyecto_php`.`e_apoyo_social` (`id`, `apoyo_social`, `id_tipo_apoyo_social`) VALUES (3, 'Servicios sanitarios', 1);
INSERT INTO `api_proyecto_php`.`e_apoyo_social` (`id`, `apoyo_social`, `id_tipo_apoyo_social`) VALUES (4, 'Red Cohabita', 1);
INSERT INTO `api_proyecto_php`.`e_apoyo_social` (`id`, `apoyo_social`, `id_tipo_apoyo_social`) VALUES (5, 'Expareja', 2);
INSERT INTO `api_proyecto_php`.`e_apoyo_social` (`id`, `apoyo_social`, `id_tipo_apoyo_social`) VALUES (6, 'Amigos/amigas', 2);
INSERT INTO `api_proyecto_php`.`e_apoyo_social` (`id`, `apoyo_social`, `id_tipo_apoyo_social`) VALUES (7, 'Vecinos/vecinas', 2);

COMMIT;


-- -----------------------------------------------------
-- Data for table `api_proyecto_php`.`e_motivos_estancias`
-- -----------------------------------------------------
START TRANSACTION;
USE `api_proyecto_php`;
INSERT INTO `api_proyecto_php`.`e_motivos_estancias` (`id`, `motivo_estancia`) VALUES (1, 'Laboral');
INSERT INTO `api_proyecto_php`.`e_motivos_estancias` (`id`, `motivo_estancia`) VALUES (2, 'Familiar');
INSERT INTO `api_proyecto_php`.`e_motivos_estancias` (`id`, `motivo_estancia`) VALUES (3, 'Sanitario');
INSERT INTO `api_proyecto_php`.`e_motivos_estancias` (`id`, `motivo_estancia`) VALUES (4, 'Vivienda');
INSERT INTO `api_proyecto_php`.`e_motivos_estancias` (`id`, `motivo_estancia`) VALUES (5, 'Económico');
INSERT INTO `api_proyecto_php`.`e_motivos_estancias` (`id`, `motivo_estancia`) VALUES (6, 'Adicciones');
INSERT INTO `api_proyecto_php`.`e_motivos_estancias` (`id`, `motivo_estancia`) VALUES (7, 'Violencia de género');
INSERT INTO `api_proyecto_php`.`e_motivos_estancias` (`id`, `motivo_estancia`) VALUES (8, 'Legal');
INSERT INTO `api_proyecto_php`.`e_motivos_estancias` (`id`, `motivo_estancia`) VALUES (9, 'Salida de otro recurso residencial');

COMMIT;


-- -----------------------------------------------------
-- Data for table `api_proyecto_php`.`e_centros_sociales`
-- -----------------------------------------------------
START TRANSACTION;
USE `api_proyecto_php`;
INSERT INTO `api_proyecto_php`.`e_centros_sociales` (`id`, `centro_social`) VALUES (1, 'PSH');
INSERT INTO `api_proyecto_php`.`e_centros_sociales` (`id`, `centro_social`) VALUES (2, 'Adicciones');
INSERT INTO `api_proyecto_php`.`e_centros_sociales` (`id`, `centro_social`) VALUES (3, 'Centro penitenciario');
INSERT INTO `api_proyecto_php`.`e_centros_sociales` (`id`, `centro_social`) VALUES (4, 'Menores');
INSERT INTO `api_proyecto_php`.`e_centros_sociales` (`id`, `centro_social`) VALUES (5, 'Mujeres');

COMMIT;


-- -----------------------------------------------------
-- Data for table `api_proyecto_php`.`t_lugares_agresion`
-- -----------------------------------------------------
START TRANSACTION;
USE `api_proyecto_php`;
INSERT INTO `api_proyecto_php`.`t_lugares_agresion` (`lugar_agresion`, `id`) VALUES ('Vía pública', 1);
INSERT INTO `api_proyecto_php`.`t_lugares_agresion` (`lugar_agresion`, `id`) VALUES ('Espacio privado', 2);

COMMIT;


-- -----------------------------------------------------
-- Data for table `api_proyecto_php`.`t_tipos_violencia`
-- -----------------------------------------------------
START TRANSACTION;
USE `api_proyecto_php`;
INSERT INTO `api_proyecto_php`.`t_tipos_violencia` (`id`, `tipo_violencia`) VALUES (1, 'Verbal');
INSERT INTO `api_proyecto_php`.`t_tipos_violencia` (`id`, `tipo_violencia`) VALUES (2, 'Física');
INSERT INTO `api_proyecto_php`.`t_tipos_violencia` (`id`, `tipo_violencia`) VALUES (3, 'Sexual');
INSERT INTO `api_proyecto_php`.`t_tipos_violencia` (`id`, `tipo_violencia`) VALUES (4, 'Económica/Patrimonial');

COMMIT;


-- -----------------------------------------------------
-- Data for table `api_proyecto_php`.`t_momentos_agresion`
-- -----------------------------------------------------
START TRANSACTION;
USE `api_proyecto_php`;
INSERT INTO `api_proyecto_php`.`t_momentos_agresion` (`momento_agresion`, `id`) VALUES ('Mañana', 1);
INSERT INTO `api_proyecto_php`.`t_momentos_agresion` (`momento_agresion`, `id`) VALUES ('Tarde', 2);
INSERT INTO `api_proyecto_php`.`t_momentos_agresion` (`momento_agresion`, `id`) VALUES ('Noche', 3);

COMMIT;


-- -----------------------------------------------------
-- Data for table `api_proyecto_php`.`t_tipos_agresion`
-- -----------------------------------------------------
START TRANSACTION;
USE `api_proyecto_php`;
INSERT INTO `api_proyecto_php`.`t_tipos_agresion` (`tipo_agresion`, `id`) VALUES ('Por un individuo', 1);
INSERT INTO `api_proyecto_php`.`t_tipos_agresion` (`tipo_agresion`, `id`) VALUES ('Por un grupo', 2);

COMMIT;


-- -----------------------------------------------------
-- Data for table `api_proyecto_php`.`e_consecuencias_agresiones`
-- -----------------------------------------------------
START TRANSACTION;
USE `api_proyecto_php`;
INSERT INTO `api_proyecto_php`.`e_consecuencias_agresiones` (`id`, `tipo`, `consecuencia`) VALUES (1, 'Física', 'Contusión');
INSERT INTO `api_proyecto_php`.`e_consecuencias_agresiones` (`id`, `tipo`, `consecuencia`) VALUES (2, 'Física', 'Traumatismo');
INSERT INTO `api_proyecto_php`.`e_consecuencias_agresiones` (`id`, `tipo`, `consecuencia`) VALUES (3, 'Física', 'Pérdida de piezas dentales');
INSERT INTO `api_proyecto_php`.`e_consecuencias_agresiones` (`id`, `tipo`, `consecuencia`) VALUES (4, 'Psicológica', 'Miedo');
INSERT INTO `api_proyecto_php`.`e_consecuencias_agresiones` (`id`, `tipo`, `consecuencia`) VALUES (5, 'Psicológica', 'Ira');
INSERT INTO `api_proyecto_php`.`e_consecuencias_agresiones` (`id`, `tipo`, `consecuencia`) VALUES (6, 'Psicológica', 'Indefensión');
INSERT INTO `api_proyecto_php`.`e_consecuencias_agresiones` (`id`, `tipo`, `consecuencia`) VALUES (7, 'Psicológica', 'Indiferencia');
INSERT INTO `api_proyecto_php`.`e_consecuencias_agresiones` (`id`, `tipo`, `consecuencia`) VALUES (8, 'Socioeconómica', 'Pérdida de bienes materiales');
INSERT INTO `api_proyecto_php`.`e_consecuencias_agresiones` (`id`, `tipo`, `consecuencia`) VALUES (9, 'Socioeconómica', 'Pérdida de bienes económicos');
INSERT INTO `api_proyecto_php`.`e_consecuencias_agresiones` (`id`, `tipo`, `consecuencia`) VALUES (10, 'Socioeconómica', 'Pérdida de documentación');

COMMIT;


-- -----------------------------------------------------
-- Data for table `api_proyecto_php`.`e_motivos_renuncias`
-- -----------------------------------------------------
START TRANSACTION;
USE `api_proyecto_php`;
INSERT INTO `api_proyecto_php`.`e_motivos_renuncias` (`id`, `motivo_renuncia`) VALUES (1, 'No tendrá utilidad alguna');
INSERT INTO `api_proyecto_php`.`e_motivos_renuncias` (`id`, `motivo_renuncia`) VALUES (2, 'Miedo a represalias por parte de los agresores');
INSERT INTO `api_proyecto_php`.`e_motivos_renuncias` (`id`, `motivo_renuncia`) VALUES (3, 'Maltrato institucional/Miedo a doble victimización');

COMMIT;


-- -----------------------------------------------------
-- Data for table `api_proyecto_php`.`t_servicios`
-- -----------------------------------------------------
START TRANSACTION;
USE `api_proyecto_php`;
INSERT INTO `api_proyecto_php`.`t_servicios` (`id`, `servicio`) VALUES (1, 'Servicios policiales');
INSERT INTO `api_proyecto_php`.`t_servicios` (`id`, `servicio`) VALUES (2, 'Servicios sanitarios');
INSERT INTO `api_proyecto_php`.`t_servicios` (`id`, `servicio`) VALUES (3, 'Servicios sociales');
INSERT INTO `api_proyecto_php`.`t_servicios` (`id`, `servicio`) VALUES (4, 'Servicios específicos PSH');

COMMIT;


-- -----------------------------------------------------
-- Data for table `api_proyecto_php`.`t_ambitos_agresion`
-- -----------------------------------------------------
START TRANSACTION;
USE `api_proyecto_php`;
INSERT INTO `api_proyecto_php`.`t_ambitos_agresion` (`ambito_agresion`, `id`) VALUES ('Afectivo', 1);
INSERT INTO `api_proyecto_php`.`t_ambitos_agresion` (`ambito_agresion`, `id`) VALUES ('Sexual', 2);
INSERT INTO `api_proyecto_php`.`t_ambitos_agresion` (`ambito_agresion`, `id`) VALUES ('Laboral', 3);

COMMIT;


-- -----------------------------------------------------
-- Data for table `api_proyecto_php`.`e_situaciones_laborales`
-- -----------------------------------------------------
START TRANSACTION;
USE `api_proyecto_php`;
INSERT INTO `api_proyecto_php`.`e_situaciones_laborales` (`situacion_laboral`, `id`) VALUES ('Desempleado', '1');
INSERT INTO `api_proyecto_php`.`e_situaciones_laborales` (`situacion_laboral`, `id`) VALUES ('Ocupado', '2');
INSERT INTO `api_proyecto_php`.`e_situaciones_laborales` (`situacion_laboral`, `id`) VALUES ('Baja laboral', '3');
INSERT INTO `api_proyecto_php`.`e_situaciones_laborales` (`situacion_laboral`, `id`) VALUES ('Incapacidad laboral', '4');
INSERT INTO `api_proyecto_php`.`e_situaciones_laborales` (`situacion_laboral`, `id`) VALUES ('Jubilado', '5');

COMMIT;


-- -----------------------------------------------------
-- Data for table `api_proyecto_php`.`e_ocupaciones_principales`
-- -----------------------------------------------------
START TRANSACTION;
USE `api_proyecto_php`;
INSERT INTO `api_proyecto_php`.`e_ocupaciones_principales` (`id`, `ocupacion_principal`) VALUES (1, 'Construcción.');
INSERT INTO `api_proyecto_php`.`e_ocupaciones_principales` (`id`, `ocupacion_principal`) VALUES (2, 'Hostelería');
INSERT INTO `api_proyecto_php`.`e_ocupaciones_principales` (`id`, `ocupacion_principal`) VALUES (3, 'Limpieza / Empleo del hogar.');
INSERT INTO `api_proyecto_php`.`e_ocupaciones_principales` (`id`, `ocupacion_principal`) VALUES (4, 'Agricultura.');
INSERT INTO `api_proyecto_php`.`e_ocupaciones_principales` (`id`, `ocupacion_principal`) VALUES (5, ' Logística.');
INSERT INTO `api_proyecto_php`.`e_ocupaciones_principales` (`id`, `ocupacion_principal`) VALUES (6, 'Servicios sanitarios/ atención a la dependencia.');
INSERT INTO `api_proyecto_php`.`e_ocupaciones_principales` (`id`, `ocupacion_principal`) VALUES (7, 'Comercial.');
INSERT INTO `api_proyecto_php`.`e_ocupaciones_principales` (`id`, `ocupacion_principal`) VALUES (8, 'Fuerzas de seguridad.');
INSERT INTO `api_proyecto_php`.`e_ocupaciones_principales` (`id`, `ocupacion_principal`) VALUES (9, 'Servicios de protección y vigilancia.');
INSERT INTO `api_proyecto_php`.`e_ocupaciones_principales` (`id`, `ocupacion_principal`) VALUES (10, 'Carece de experiencia profesional.');

COMMIT;


-- -----------------------------------------------------
-- Data for table `api_proyecto_php`.`e_tipos_ingresos`
-- -----------------------------------------------------
START TRANSACTION;
USE `api_proyecto_php`;
INSERT INTO `api_proyecto_php`.`e_tipos_ingresos` (`id`, `tipo_ingreso`) VALUES (1, 'Prestación por desempleo.');
INSERT INTO `api_proyecto_php`.`e_tipos_ingresos` (`id`, `tipo_ingreso`) VALUES (2, 'Subsidio por desempleo.');
INSERT INTO `api_proyecto_php`.`e_tipos_ingresos` (`id`, `tipo_ingreso`) VALUES (3, 'Subsidio familiar (SEPE).');
INSERT INTO `api_proyecto_php`.`e_tipos_ingresos` (`id`, `tipo_ingreso`) VALUES (4, 'Subsidio mayores de 55 años.');
INSERT INTO `api_proyecto_php`.`e_tipos_ingresos` (`id`, `tipo_ingreso`) VALUES (5, 'Subsidio por excarcelación.');
INSERT INTO `api_proyecto_php`.`e_tipos_ingresos` (`id`, `tipo_ingreso`) VALUES (6, 'Subsidio extraordinario de desempleo.');
INSERT INTO `api_proyecto_php`.`e_tipos_ingresos` (`id`, `tipo_ingreso`) VALUES (7, 'Renta Activa de Inserción.');
INSERT INTO `api_proyecto_php`.`e_tipos_ingresos` (`id`, `tipo_ingreso`) VALUES (8, 'Pensión contributiva por jubilación.');
INSERT INTO `api_proyecto_php`.`e_tipos_ingresos` (`id`, `tipo_ingreso`) VALUES (9, 'Pensión no contributiva por discapacidad.');
INSERT INTO `api_proyecto_php`.`e_tipos_ingresos` (`id`, `tipo_ingreso`) VALUES (10, 'Pensión no contributiva por jubilación');
INSERT INTO `api_proyecto_php`.`e_tipos_ingresos` (`id`, `tipo_ingreso`) VALUES (11, 'Pensión por orfandad.');
INSERT INTO `api_proyecto_php`.`e_tipos_ingresos` (`id`, `tipo_ingreso`) VALUES (12, 'Renta mínima de inserción social.');
INSERT INTO `api_proyecto_php`.`e_tipos_ingresos` (`id`, `tipo_ingreso`) VALUES (13, 'Incapacidad laboral transitoria / Incapacidad temporal.');
INSERT INTO `api_proyecto_php`.`e_tipos_ingresos` (`id`, `tipo_ingreso`) VALUES (14, 'Incapacidad laboral permanente.');
INSERT INTO `api_proyecto_php`.`e_tipos_ingresos` (`id`, `tipo_ingreso`) VALUES (15, 'Prestación por hijos a cargo (INSS).');
INSERT INTO `api_proyecto_php`.`e_tipos_ingresos` (`id`, `tipo_ingreso`) VALUES (16, 'Baja por maternidad/ paternidad.');
INSERT INTO `api_proyecto_php`.`e_tipos_ingresos` (`id`, `tipo_ingreso`) VALUES (17, 'Ayuda económica familiar (Servicios Sociales Comunitarios).');
INSERT INTO `api_proyecto_php`.`e_tipos_ingresos` (`id`, `tipo_ingreso`) VALUES (18, 'Ayuda de emergencia (Servicios Sociales Comunitarios).');

COMMIT;


-- -----------------------------------------------------
-- Data for table `api_proyecto_php`.`t_estados_procedimientos_judiciales`
-- -----------------------------------------------------
START TRANSACTION;
USE `api_proyecto_php`;
INSERT INTO `api_proyecto_php`.`t_estados_procedimientos_judiciales` (`id`, `estado_procedimiento_judiciall`) VALUES (1, 'Anterior');
INSERT INTO `api_proyecto_php`.`t_estados_procedimientos_judiciales` (`id`, `estado_procedimiento_judiciall`) VALUES (2, 'Actual');

COMMIT;


-- -----------------------------------------------------
-- Data for table `api_proyecto_php`.`t_tipos_procedimientos_judiciales`
-- -----------------------------------------------------
START TRANSACTION;
USE `api_proyecto_php`;
INSERT INTO `api_proyecto_php`.`t_tipos_procedimientos_judiciales` (`id`, `estado_procedimiento_judiciall`) VALUES (1, 'Sentencia');
INSERT INTO `api_proyecto_php`.`t_tipos_procedimientos_judiciales` (`id`, `estado_procedimiento_judiciall`) VALUES (2, 'Procedimiento abierto');
INSERT INTO `api_proyecto_php`.`t_tipos_procedimientos_judiciales` (`id`, `estado_procedimiento_judiciall`) VALUES (3, 'Sanción administrativa');

COMMIT;


-- -----------------------------------------------------
-- Data for table `api_proyecto_php`.`e_causas_procedimientos_judiciales`
-- -----------------------------------------------------
START TRANSACTION;
USE `api_proyecto_php`;
INSERT INTO `api_proyecto_php`.`e_causas_procedimientos_judiciales` (`id`, `causas_procedimiento_judiciall`) VALUES (1, 'Violencia de género');
INSERT INTO `api_proyecto_php`.`e_causas_procedimientos_judiciales` (`id`, `causas_procedimiento_judiciall`) VALUES (2, 'Violencia intrafamiliar');
INSERT INTO `api_proyecto_php`.`e_causas_procedimientos_judiciales` (`id`, `causas_procedimiento_judiciall`) VALUES (3, 'Delitos de odio');
INSERT INTO `api_proyecto_php`.`e_causas_procedimientos_judiciales` (`id`, `causas_procedimiento_judiciall`) VALUES (4, 'Deiitos de robo');
INSERT INTO `api_proyecto_php`.`e_causas_procedimientos_judiciales` (`id`, `causas_procedimiento_judiciall`) VALUES (5, 'Amenazas/intimidación');
INSERT INTO `api_proyecto_php`.`e_causas_procedimientos_judiciales` (`id`, `causas_procedimiento_judiciall`) VALUES (6, 'Agresiones');
INSERT INTO `api_proyecto_php`.`e_causas_procedimientos_judiciales` (`id`, `causas_procedimiento_judiciall`) VALUES (7, 'Tráfico de sustancias');
INSERT INTO `api_proyecto_php`.`e_causas_procedimientos_judiciales` (`id`, `causas_procedimiento_judiciall`) VALUES (8, 'Abusos sexuales');

COMMIT;


-- -----------------------------------------------------
-- Data for table `api_proyecto_php`.`t_tipos_resoluciones_procedimientos_judiciales`
-- -----------------------------------------------------
START TRANSACTION;
USE `api_proyecto_php`;
INSERT INTO `api_proyecto_php`.`t_tipos_resoluciones_procedimientos_judiciales` (`id`, `tipo_resolucion`) VALUES (1, 'Favorable');
INSERT INTO `api_proyecto_php`.`t_tipos_resoluciones_procedimientos_judiciales` (`id`, `tipo_resolucion`) VALUES (2, 'Condena judicial');

COMMIT;


-- -----------------------------------------------------
-- Data for table `api_proyecto_php`.`e_resoluciones_procedimientos_judiciales`
-- -----------------------------------------------------
START TRANSACTION;
USE `api_proyecto_php`;
INSERT INTO `api_proyecto_php`.`e_resoluciones_procedimientos_judiciales` (`id`, `tipo_resolucion`) VALUES (1, 'Trabajos en beneficio a la comunidad');
INSERT INTO `api_proyecto_php`.`e_resoluciones_procedimientos_judiciales` (`id`, `tipo_resolucion`) VALUES (2, 'Ingreso en centro penitenciario');
INSERT INTO `api_proyecto_php`.`e_resoluciones_procedimientos_judiciales` (`id`, `tipo_resolucion`) VALUES (3, 'Indemnización económica');
INSERT INTO `api_proyecto_php`.`e_resoluciones_procedimientos_judiciales` (`id`, `tipo_resolucion`) VALUES (4, 'Orden de alejamiento');
INSERT INTO `api_proyecto_php`.`e_resoluciones_procedimientos_judiciales` (`id`, `tipo_resolucion`) VALUES (5, 'Arresto docimiliario');
INSERT INTO `api_proyecto_php`.`e_resoluciones_procedimientos_judiciales` (`id`, `tipo_resolucion`) VALUES (6, 'Prohibición de tenencia de armas');
INSERT INTO `api_proyecto_php`.`e_resoluciones_procedimientos_judiciales` (`id`, `tipo_resolucion`) VALUES (7, 'Dispositivo de localización');
INSERT INTO `api_proyecto_php`.`e_resoluciones_procedimientos_judiciales` (`id`, `tipo_resolucion`) VALUES (8, 'Libertad vigilada');

COMMIT;


-- -----------------------------------------------------
-- Data for table `api_proyecto_php`.`t_tipos_habitaciones`
-- -----------------------------------------------------
START TRANSACTION;
USE `api_proyecto_php`;
INSERT INTO `api_proyecto_php`.`t_tipos_habitaciones` (`id`, `tipo_habitacion`) VALUES (1, 'Familia');
INSERT INTO `api_proyecto_php`.`t_tipos_habitaciones` (`id`, `tipo_habitacion`) VALUES (2, 'Mujeres');
INSERT INTO `api_proyecto_php`.`t_tipos_habitaciones` (`id`, `tipo_habitacion`) VALUES (3, 'Hombres');
INSERT INTO `api_proyecto_php`.`t_tipos_habitaciones` (`id`, `tipo_habitacion`) VALUES (4, 'Doble');

COMMIT;


-- -----------------------------------------------------
-- Data for table `api_proyecto_php`.`habitaciones`
-- -----------------------------------------------------
START TRANSACTION;
USE `api_proyecto_php`;
INSERT INTO `api_proyecto_php`.`habitaciones` (`id`, `habitacion`, `idTipoHabitacion`, `capacidad`, `localizacion`, `observaciones`, `created_at`, `updated_at`, `idUsuario_created_at`, `idUsuario_updated_at`) VALUES (1, 1, 1, 4, NULL, 'Módulo de inserción', NULL, NULL, NULL, NULL);
INSERT INTO `api_proyecto_php`.`habitaciones` (`id`, `habitacion`, `idTipoHabitacion`, `capacidad`, `localizacion`, `observaciones`, `created_at`, `updated_at`, `idUsuario_created_at`, `idUsuario_updated_at`) VALUES (2, 2, 1, 4, NULL, 'Módulo abierto', NULL, NULL, NULL, NULL);
INSERT INTO `api_proyecto_php`.`habitaciones` (`id`, `habitacion`, `idTipoHabitacion`, `capacidad`, `localizacion`, `observaciones`, `created_at`, `updated_at`, `idUsuario_created_at`, `idUsuario_updated_at`) VALUES (3, 3, 1, 4, NULL, 'Módulo de inserción', NULL, NULL, NULL, NULL);
INSERT INTO `api_proyecto_php`.`habitaciones` (`id`, `habitacion`, `idTipoHabitacion`, `capacidad`, `localizacion`, `observaciones`, `created_at`, `updated_at`, `idUsuario_created_at`, `idUsuario_updated_at`) VALUES (4, 4, 2, 5, NULL, NULL, NULL, NULL, NULL, NULL);
INSERT INTO `api_proyecto_php`.`habitaciones` (`id`, `habitacion`, `idTipoHabitacion`, `capacidad`, `localizacion`, `observaciones`, `created_at`, `updated_at`, `idUsuario_created_at`, `idUsuario_updated_at`) VALUES (5, 5, 3, 5, NULL, NULL, NULL, NULL, NULL, NULL);
INSERT INTO `api_proyecto_php`.`habitaciones` (`id`, `habitacion`, `idTipoHabitacion`, `capacidad`, `localizacion`, `observaciones`, `created_at`, `updated_at`, `idUsuario_created_at`, `idUsuario_updated_at`) VALUES (6, 6, 3, 5, NULL, NULL, NULL, NULL, NULL, NULL);
INSERT INTO `api_proyecto_php`.`habitaciones` (`id`, `habitacion`, `idTipoHabitacion`, `capacidad`, `localizacion`, `observaciones`, `created_at`, `updated_at`, `idUsuario_created_at`, `idUsuario_updated_at`) VALUES (7, 7, 3, 5, NULL, NULL, NULL, NULL, NULL, NULL);
INSERT INTO `api_proyecto_php`.`habitaciones` (`id`, `habitacion`, `idTipoHabitacion`, `capacidad`, `localizacion`, `observaciones`, `created_at`, `updated_at`, `idUsuario_created_at`, `idUsuario_updated_at`) VALUES (8, 8, 4, 2, NULL, NULL, NULL, NULL, NULL, NULL);
INSERT INTO `api_proyecto_php`.`habitaciones` (`id`, `habitacion`, `idTipoHabitacion`, `capacidad`, `localizacion`, `observaciones`, `created_at`, `updated_at`, `idUsuario_created_at`, `idUsuario_updated_at`) VALUES (9, 9, 4, 2, NULL, NULL, NULL, NULL, NULL, NULL);
INSERT INTO `api_proyecto_php`.`habitaciones` (`id`, `habitacion`, `idTipoHabitacion`, `capacidad`, `localizacion`, `observaciones`, `created_at`, `updated_at`, `idUsuario_created_at`, `idUsuario_updated_at`) VALUES (10, 10, 4, 2, NULL, NULL, NULL, NULL, NULL, NULL);
INSERT INTO `api_proyecto_php`.`habitaciones` (`id`, `habitacion`, `idTipoHabitacion`, `capacidad`, `localizacion`, `observaciones`, `created_at`, `updated_at`, `idUsuario_created_at`, `idUsuario_updated_at`) VALUES (11, 11, 4, 2, NULL, NULL, NULL, NULL, NULL, NULL);
INSERT INTO `api_proyecto_php`.`habitaciones` (`id`, `habitacion`, `idTipoHabitacion`, `capacidad`, `localizacion`, `observaciones`, `created_at`, `updated_at`, `idUsuario_created_at`, `idUsuario_updated_at`) VALUES (12, 12, 4, 2, NULL, NULL, NULL, NULL, NULL, NULL);
INSERT INTO `api_proyecto_php`.`habitaciones` (`id`, `habitacion`, `idTipoHabitacion`, `capacidad`, `localizacion`, `observaciones`, `created_at`, `updated_at`, `idUsuario_created_at`, `idUsuario_updated_at`) VALUES (13, 13, 4, 2, NULL, NULL, NULL, NULL, NULL, NULL);
INSERT INTO `api_proyecto_php`.`habitaciones` (`id`, `habitacion`, `idTipoHabitacion`, `capacidad`, `localizacion`, `observaciones`, `created_at`, `updated_at`, `idUsuario_created_at`, `idUsuario_updated_at`) VALUES (14, 14, 4, 2, NULL, NULL, NULL, NULL, NULL, NULL);
INSERT INTO `api_proyecto_php`.`habitaciones` (`id`, `habitacion`, `idTipoHabitacion`, `capacidad`, `localizacion`, `observaciones`, `created_at`, `updated_at`, `idUsuario_created_at`, `idUsuario_updated_at`) VALUES (15, 15, 4, 2, NULL, NULL, NULL, NULL, NULL, NULL);

COMMIT;


-- -----------------------------------------------------
-- Data for table `api_proyecto_php`.`camas`
-- -----------------------------------------------------
START TRANSACTION;
USE `api_proyecto_php`;
INSERT INTO `api_proyecto_php`.`camas` (`id`, `idHabitacion`, `cama`, `observaciones`, `created_at`, `updated_at`, `idUsuario_created_at`, `idUsuario_updated_at`) VALUES (1, 1, 1, NULL, NULL, NULL, NULL, NULL);
INSERT INTO `api_proyecto_php`.`camas` (`id`, `idHabitacion`, `cama`, `observaciones`, `created_at`, `updated_at`, `idUsuario_created_at`, `idUsuario_updated_at`) VALUES (2, 1, 2, NULL, NULL, NULL, NULL, NULL);
INSERT INTO `api_proyecto_php`.`camas` (`id`, `idHabitacion`, `cama`, `observaciones`, `created_at`, `updated_at`, `idUsuario_created_at`, `idUsuario_updated_at`) VALUES (3, 1, 3, NULL, NULL, NULL, NULL, NULL);
INSERT INTO `api_proyecto_php`.`camas` (`id`, `idHabitacion`, `cama`, `observaciones`, `created_at`, `updated_at`, `idUsuario_created_at`, `idUsuario_updated_at`) VALUES (4, 1, 4, NULL, NULL, NULL, NULL, NULL);
INSERT INTO `api_proyecto_php`.`camas` (`id`, `idHabitacion`, `cama`, `observaciones`, `created_at`, `updated_at`, `idUsuario_created_at`, `idUsuario_updated_at`) VALUES (5, 2, 1, NULL, NULL, NULL, NULL, NULL);
INSERT INTO `api_proyecto_php`.`camas` (`id`, `idHabitacion`, `cama`, `observaciones`, `created_at`, `updated_at`, `idUsuario_created_at`, `idUsuario_updated_at`) VALUES (6, 2, 2, NULL, NULL, NULL, NULL, NULL);
INSERT INTO `api_proyecto_php`.`camas` (`id`, `idHabitacion`, `cama`, `observaciones`, `created_at`, `updated_at`, `idUsuario_created_at`, `idUsuario_updated_at`) VALUES (7, 2, 3, NULL, NULL, NULL, NULL, NULL);
INSERT INTO `api_proyecto_php`.`camas` (`id`, `idHabitacion`, `cama`, `observaciones`, `created_at`, `updated_at`, `idUsuario_created_at`, `idUsuario_updated_at`) VALUES (8, 2, 4, NULL, NULL, NULL, NULL, NULL);
INSERT INTO `api_proyecto_php`.`camas` (`id`, `idHabitacion`, `cama`, `observaciones`, `created_at`, `updated_at`, `idUsuario_created_at`, `idUsuario_updated_at`) VALUES (9, 3, 1, NULL, NULL, NULL, NULL, NULL);
INSERT INTO `api_proyecto_php`.`camas` (`id`, `idHabitacion`, `cama`, `observaciones`, `created_at`, `updated_at`, `idUsuario_created_at`, `idUsuario_updated_at`) VALUES (10, 3, 2, NULL, NULL, NULL, NULL, NULL);
INSERT INTO `api_proyecto_php`.`camas` (`id`, `idHabitacion`, `cama`, `observaciones`, `created_at`, `updated_at`, `idUsuario_created_at`, `idUsuario_updated_at`) VALUES (11, 3, 3, NULL, NULL, NULL, NULL, NULL);
INSERT INTO `api_proyecto_php`.`camas` (`id`, `idHabitacion`, `cama`, `observaciones`, `created_at`, `updated_at`, `idUsuario_created_at`, `idUsuario_updated_at`) VALUES (12, 3, 4, NULL, NULL, NULL, NULL, NULL);
INSERT INTO `api_proyecto_php`.`camas` (`id`, `idHabitacion`, `cama`, `observaciones`, `created_at`, `updated_at`, `idUsuario_created_at`, `idUsuario_updated_at`) VALUES (13, 4, 1, NULL, NULL, NULL, NULL, NULL);
INSERT INTO `api_proyecto_php`.`camas` (`id`, `idHabitacion`, `cama`, `observaciones`, `created_at`, `updated_at`, `idUsuario_created_at`, `idUsuario_updated_at`) VALUES (14, 4, 2, NULL, NULL, NULL, NULL, NULL);
INSERT INTO `api_proyecto_php`.`camas` (`id`, `idHabitacion`, `cama`, `observaciones`, `created_at`, `updated_at`, `idUsuario_created_at`, `idUsuario_updated_at`) VALUES (15, 4, 3, NULL, NULL, NULL, NULL, NULL);
INSERT INTO `api_proyecto_php`.`camas` (`id`, `idHabitacion`, `cama`, `observaciones`, `created_at`, `updated_at`, `idUsuario_created_at`, `idUsuario_updated_at`) VALUES (16, 4, 4, NULL, NULL, NULL, NULL, NULL);
INSERT INTO `api_proyecto_php`.`camas` (`id`, `idHabitacion`, `cama`, `observaciones`, `created_at`, `updated_at`, `idUsuario_created_at`, `idUsuario_updated_at`) VALUES (17, 4, 5, NULL, NULL, NULL, NULL, NULL);
INSERT INTO `api_proyecto_php`.`camas` (`id`, `idHabitacion`, `cama`, `observaciones`, `created_at`, `updated_at`, `idUsuario_created_at`, `idUsuario_updated_at`) VALUES (18, 5, 1, NULL, NULL, NULL, NULL, NULL);
INSERT INTO `api_proyecto_php`.`camas` (`id`, `idHabitacion`, `cama`, `observaciones`, `created_at`, `updated_at`, `idUsuario_created_at`, `idUsuario_updated_at`) VALUES (19, 5, 2, NULL, NULL, NULL, NULL, NULL);
INSERT INTO `api_proyecto_php`.`camas` (`id`, `idHabitacion`, `cama`, `observaciones`, `created_at`, `updated_at`, `idUsuario_created_at`, `idUsuario_updated_at`) VALUES (20, 5, 3, NULL, NULL, NULL, NULL, NULL);
INSERT INTO `api_proyecto_php`.`camas` (`id`, `idHabitacion`, `cama`, `observaciones`, `created_at`, `updated_at`, `idUsuario_created_at`, `idUsuario_updated_at`) VALUES (21, 5, 4, NULL, NULL, NULL, NULL, NULL);
INSERT INTO `api_proyecto_php`.`camas` (`id`, `idHabitacion`, `cama`, `observaciones`, `created_at`, `updated_at`, `idUsuario_created_at`, `idUsuario_updated_at`) VALUES (22, 5, 5, NULL, NULL, NULL, NULL, NULL);
INSERT INTO `api_proyecto_php`.`camas` (`id`, `idHabitacion`, `cama`, `observaciones`, `created_at`, `updated_at`, `idUsuario_created_at`, `idUsuario_updated_at`) VALUES (23, 6, 1, NULL, NULL, NULL, NULL, NULL);
INSERT INTO `api_proyecto_php`.`camas` (`id`, `idHabitacion`, `cama`, `observaciones`, `created_at`, `updated_at`, `idUsuario_created_at`, `idUsuario_updated_at`) VALUES (24, 6, 2, NULL, NULL, NULL, NULL, NULL);
INSERT INTO `api_proyecto_php`.`camas` (`id`, `idHabitacion`, `cama`, `observaciones`, `created_at`, `updated_at`, `idUsuario_created_at`, `idUsuario_updated_at`) VALUES (25, 6, 3, NULL, NULL, NULL, NULL, NULL);
INSERT INTO `api_proyecto_php`.`camas` (`id`, `idHabitacion`, `cama`, `observaciones`, `created_at`, `updated_at`, `idUsuario_created_at`, `idUsuario_updated_at`) VALUES (26, 6, 4, NULL, NULL, NULL, NULL, NULL);
INSERT INTO `api_proyecto_php`.`camas` (`id`, `idHabitacion`, `cama`, `observaciones`, `created_at`, `updated_at`, `idUsuario_created_at`, `idUsuario_updated_at`) VALUES (27, 6, 5, NULL, NULL, NULL, NULL, NULL);
INSERT INTO `api_proyecto_php`.`camas` (`id`, `idHabitacion`, `cama`, `observaciones`, `created_at`, `updated_at`, `idUsuario_created_at`, `idUsuario_updated_at`) VALUES (28, 7, 1, NULL, NULL, NULL, NULL, NULL);
INSERT INTO `api_proyecto_php`.`camas` (`id`, `idHabitacion`, `cama`, `observaciones`, `created_at`, `updated_at`, `idUsuario_created_at`, `idUsuario_updated_at`) VALUES (29, 7, 2, NULL, NULL, NULL, NULL, NULL);
INSERT INTO `api_proyecto_php`.`camas` (`id`, `idHabitacion`, `cama`, `observaciones`, `created_at`, `updated_at`, `idUsuario_created_at`, `idUsuario_updated_at`) VALUES (30, 7, 3, NULL, NULL, NULL, NULL, NULL);
INSERT INTO `api_proyecto_php`.`camas` (`id`, `idHabitacion`, `cama`, `observaciones`, `created_at`, `updated_at`, `idUsuario_created_at`, `idUsuario_updated_at`) VALUES (31, 7, 4, NULL, NULL, NULL, NULL, NULL);
INSERT INTO `api_proyecto_php`.`camas` (`id`, `idHabitacion`, `cama`, `observaciones`, `created_at`, `updated_at`, `idUsuario_created_at`, `idUsuario_updated_at`) VALUES (32, 7, 5, NULL, NULL, NULL, NULL, NULL);
INSERT INTO `api_proyecto_php`.`camas` (`id`, `idHabitacion`, `cama`, `observaciones`, `created_at`, `updated_at`, `idUsuario_created_at`, `idUsuario_updated_at`) VALUES (33, 8, 1, NULL, NULL, NULL, NULL, NULL);
INSERT INTO `api_proyecto_php`.`camas` (`id`, `idHabitacion`, `cama`, `observaciones`, `created_at`, `updated_at`, `idUsuario_created_at`, `idUsuario_updated_at`) VALUES (34, 8, 2, NULL, NULL, NULL, NULL, NULL);
INSERT INTO `api_proyecto_php`.`camas` (`id`, `idHabitacion`, `cama`, `observaciones`, `created_at`, `updated_at`, `idUsuario_created_at`, `idUsuario_updated_at`) VALUES (35, 9, 1, NULL, NULL, NULL, NULL, NULL);
INSERT INTO `api_proyecto_php`.`camas` (`id`, `idHabitacion`, `cama`, `observaciones`, `created_at`, `updated_at`, `idUsuario_created_at`, `idUsuario_updated_at`) VALUES (36, 9, 2, NULL, NULL, NULL, NULL, NULL);
INSERT INTO `api_proyecto_php`.`camas` (`id`, `idHabitacion`, `cama`, `observaciones`, `created_at`, `updated_at`, `idUsuario_created_at`, `idUsuario_updated_at`) VALUES (37, 10, 1, NULL, NULL, NULL, NULL, NULL);
INSERT INTO `api_proyecto_php`.`camas` (`id`, `idHabitacion`, `cama`, `observaciones`, `created_at`, `updated_at`, `idUsuario_created_at`, `idUsuario_updated_at`) VALUES (38, 10, 2, NULL, NULL, NULL, NULL, NULL);
INSERT INTO `api_proyecto_php`.`camas` (`id`, `idHabitacion`, `cama`, `observaciones`, `created_at`, `updated_at`, `idUsuario_created_at`, `idUsuario_updated_at`) VALUES (39, 11, 1, NULL, NULL, NULL, NULL, NULL);
INSERT INTO `api_proyecto_php`.`camas` (`id`, `idHabitacion`, `cama`, `observaciones`, `created_at`, `updated_at`, `idUsuario_created_at`, `idUsuario_updated_at`) VALUES (40, 11, 2, NULL, NULL, NULL, NULL, NULL);
INSERT INTO `api_proyecto_php`.`camas` (`id`, `idHabitacion`, `cama`, `observaciones`, `created_at`, `updated_at`, `idUsuario_created_at`, `idUsuario_updated_at`) VALUES (41, 12, 1, NULL, NULL, NULL, NULL, NULL);
INSERT INTO `api_proyecto_php`.`camas` (`id`, `idHabitacion`, `cama`, `observaciones`, `created_at`, `updated_at`, `idUsuario_created_at`, `idUsuario_updated_at`) VALUES (42, 12, 2, NULL, NULL, NULL, NULL, NULL);
INSERT INTO `api_proyecto_php`.`camas` (`id`, `idHabitacion`, `cama`, `observaciones`, `created_at`, `updated_at`, `idUsuario_created_at`, `idUsuario_updated_at`) VALUES (43, 13, 1, NULL, NULL, NULL, NULL, NULL);
INSERT INTO `api_proyecto_php`.`camas` (`id`, `idHabitacion`, `cama`, `observaciones`, `created_at`, `updated_at`, `idUsuario_created_at`, `idUsuario_updated_at`) VALUES (44, 13, 2, NULL, NULL, NULL, NULL, NULL);
INSERT INTO `api_proyecto_php`.`camas` (`id`, `idHabitacion`, `cama`, `observaciones`, `created_at`, `updated_at`, `idUsuario_created_at`, `idUsuario_updated_at`) VALUES (45, 14, 1, NULL, NULL, NULL, NULL, NULL);
INSERT INTO `api_proyecto_php`.`camas` (`id`, `idHabitacion`, `cama`, `observaciones`, `created_at`, `updated_at`, `idUsuario_created_at`, `idUsuario_updated_at`) VALUES (46, 14, 2, NULL, NULL, NULL, NULL, NULL);
INSERT INTO `api_proyecto_php`.`camas` (`id`, `idHabitacion`, `cama`, `observaciones`, `created_at`, `updated_at`, `idUsuario_created_at`, `idUsuario_updated_at`) VALUES (47, 15, 1, NULL, NULL, NULL, NULL, NULL);
INSERT INTO `api_proyecto_php`.`camas` (`id`, `idHabitacion`, `cama`, `observaciones`, `created_at`, `updated_at`, `idUsuario_created_at`, `idUsuario_updated_at`) VALUES (48, 15, 2, NULL, NULL, NULL, NULL, NULL);

COMMIT;


-- -----------------------------------------------------
-- Data for table `api_proyecto_php`.`config`
-- -----------------------------------------------------
START TRANSACTION;
USE `api_proyecto_php`;
INSERT INTO `api_proyecto_php`.`config` (`numeros_ingresos`, `numeros_expedientes_tecnicos`, `numeros_expedientes_centro`) VALUES (0, 0, 0);

COMMIT;


-- -----------------------------------------------------
-- Data for table `api_proyecto_php`.`t_tipos_enfermedades`
-- -----------------------------------------------------
START TRANSACTION;
USE `api_proyecto_php`;
INSERT INTO `api_proyecto_php`.`t_tipos_enfermedades` (`id`, `tipo_enfermedad`) VALUES (1, 'Enfermedad física');
INSERT INTO `api_proyecto_php`.`t_tipos_enfermedades` (`id`, `tipo_enfermedad`) VALUES (2, 'Enfermedad mental');
INSERT INTO `api_proyecto_php`.`t_tipos_enfermedades` (`id`, `tipo_enfermedad`) VALUES (3 , 'Enfermedad infecciosa');
INSERT INTO `api_proyecto_php`.`t_tipos_enfermedades` (`id`, `tipo_enfermedad`) VALUES (4, 'Adicciones con sustancias');
INSERT INTO `api_proyecto_php`.`t_tipos_enfermedades` (`id`, `tipo_enfermedad`) VALUES (5, 'Adicciones sin sustancias');

COMMIT;


-- -----------------------------------------------------
-- Data for table `api_proyecto_php`.`e_enfermedades`
-- -----------------------------------------------------
START TRANSACTION;
USE `api_proyecto_php`;
INSERT INTO `api_proyecto_php`.`e_enfermedades` (`id`, `idTipoEnfermedad`, `enfermedad`) VALUES (1, 1, 'Respiratorias');
INSERT INTO `api_proyecto_php`.`e_enfermedades` (`id`, `idTipoEnfermedad`, `enfermedad`) VALUES (2, 1, 'Dermatológicas');
INSERT INTO `api_proyecto_php`.`e_enfermedades` (`id`, `idTipoEnfermedad`, `enfermedad`) VALUES (3, 1, 'Musculoesqueléticas');
INSERT INTO `api_proyecto_php`.`e_enfermedades` (`id`, `idTipoEnfermedad`, `enfermedad`) VALUES (4, 1, 'Neurológicas');
INSERT INTO `api_proyecto_php`.`e_enfermedades` (`id`, `idTipoEnfermedad`, `enfermedad`) VALUES (5, 1, 'Oncológicas');
INSERT INTO `api_proyecto_php`.`e_enfermedades` (`id`, `idTipoEnfermedad`, `enfermedad`) VALUES (6, 1, 'Sensoriales');
INSERT INTO `api_proyecto_php`.`e_enfermedades` (`id`, `idTipoEnfermedad`, `enfermedad`) VALUES (7, 3, 'VIH');
INSERT INTO `api_proyecto_php`.`e_enfermedades` (`id`, `idTipoEnfermedad`, `enfermedad`) VALUES (8, 3, 'VHB');
INSERT INTO `api_proyecto_php`.`e_enfermedades` (`id`, `idTipoEnfermedad`, `enfermedad`) VALUES (9, 3, 'VHC');
INSERT INTO `api_proyecto_php`.`e_enfermedades` (`id`, `idTipoEnfermedad`, `enfermedad`) VALUES (10, 3, 'TBC');
INSERT INTO `api_proyecto_php`.`e_enfermedades` (`id`, `idTipoEnfermedad`, `enfermedad`) VALUES (11, 3, 'ETS');
INSERT INTO `api_proyecto_php`.`e_enfermedades` (`id`, `idTipoEnfermedad`, `enfermedad`) VALUES (12, 2, 'Trastornos afectivos');
INSERT INTO `api_proyecto_php`.`e_enfermedades` (`id`, `idTipoEnfermedad`, `enfermedad`) VALUES (13, 2, 'Trastornos de ansiedad');
INSERT INTO `api_proyecto_php`.`e_enfermedades` (`id`, `idTipoEnfermedad`, `enfermedad`) VALUES (14, 2, 'Trastornos psicóticos');
INSERT INTO `api_proyecto_php`.`e_enfermedades` (`id`, `idTipoEnfermedad`, `enfermedad`) VALUES (15, 2, 'Trastornos de personalidad');
INSERT INTO `api_proyecto_php`.`e_enfermedades` (`id`, `idTipoEnfermedad`, `enfermedad`) VALUES (16, 5, 'Juegos patológicos');
INSERT INTO `api_proyecto_php`.`e_enfermedades` (`id`, `idTipoEnfermedad`, `enfermedad`) VALUES (17, 4, 'Alcohol');
INSERT INTO `api_proyecto_php`.`e_enfermedades` (`id`, `idTipoEnfermedad`, `enfermedad`) VALUES (18, 4, 'Cannabis');
INSERT INTO `api_proyecto_php`.`e_enfermedades` (`id`, `idTipoEnfermedad`, `enfermedad`) VALUES (19, 4, 'Cocaìna');
INSERT INTO `api_proyecto_php`.`e_enfermedades` (`id`, `idTipoEnfermedad`, `enfermedad`) VALUES (20, 4, 'Heroína');
INSERT INTO `api_proyecto_php`.`e_enfermedades` (`id`, `idTipoEnfermedad`, `enfermedad`) VALUES (21, 4, 'Cocaína+heroína(base)');
INSERT INTO `api_proyecto_php`.`e_enfermedades` (`id`, `idTipoEnfermedad`, `enfermedad`) VALUES (22, 4, 'Benzodiacepinas');
INSERT INTO `api_proyecto_php`.`e_enfermedades` (`id`, `idTipoEnfermedad`, `enfermedad`) VALUES (23, 4, 'Metadona');

COMMIT;


-- -----------------------------------------------------
-- Data for table `api_proyecto_php`.`t_conceptos_ingresos_economicos`
-- -----------------------------------------------------
START TRANSACTION;
USE `api_proyecto_php`;
INSERT INTO `api_proyecto_php`.`t_conceptos_ingresos_economicos` (`id`, `concepto_economico`) VALUES (1, 'Actividad laboral');
INSERT INTO `api_proyecto_php`.`t_conceptos_ingresos_economicos` (`id`, `concepto_economico`) VALUES (2, 'Prestaciones/Pensiones/Subsidios');
INSERT INTO `api_proyecto_php`.`t_conceptos_ingresos_economicos` (`id`, `concepto_economico`) VALUES (3, 'Actividad no regulada');

COMMIT;


-- -----------------------------------------------------
-- Data for table `api_proyecto_php`.`t_tipo_centro_cohabita`
-- -----------------------------------------------------
START TRANSACTION;
USE `api_proyecto_php`;
INSERT INTO `api_proyecto_php`.`t_tipo_centro_cohabita` (`id`, `centro`) VALUES (1, 'Centro de acogida de Cáritas');
INSERT INTO `api_proyecto_php`.`t_tipo_centro_cohabita` (`id`, `centro`) VALUES (2, 'Comedor social Trinitarios');
INSERT INTO `api_proyecto_php`.`t_tipo_centro_cohabita` (`id`, `centro`) VALUES (3, 'Casa libertad trinitarios');
INSERT INTO `api_proyecto_php`.`t_tipo_centro_cohabita` (`id`, `centro`) VALUES (4, 'Cruz roja española');
INSERT INTO `api_proyecto_php`.`t_tipo_centro_cohabita` (`id`, `centro`) VALUES (5, 'Adeat');
INSERT INTO `api_proyecto_php`.`t_tipo_centro_cohabita` (`id`, `centro`) VALUES (6, 'UMASC');
INSERT INTO `api_proyecto_php`.`t_tipo_centro_cohabita` (`id`, `centro`) VALUES (7, 'Unidad móvil nocturna Cáritas');
INSERT INTO `api_proyecto_php`.`t_tipo_centro_cohabita` (`id`, `centro`) VALUES (8, 'Unidad móvil nocturna CRE');

COMMIT;

USE `api_proyecto_php`;

DELIMITER $$
USE `api_proyecto_php`$$
CREATE DEFINER = CURRENT_USER TRIGGER `api_proyecto_php`.`actualizarNIngreso` BEFORE INSERT ON `registro` FOR EACH ROW
BEGIN
	UPDATE config set config.numeros_ingresos = config.numeros_ingresos + 1;
	SET NEW.numero_ingreso = (SELECT config.numeros_ingresos FROM config);
END$$

USE `api_proyecto_php`$$
CREATE DEFINER = CURRENT_USER TRIGGER `api_proyecto_php`.`actualizarNExpediente` AFTER INSERT ON `registro` FOR EACH ROW
BEGIN
	DECLARE vNumeroExpedientes INT;
	UPDATE config set config.numeros_expedientes_tecnicos = numeros_expedientes_tecnicos + 1, config.numeros_expedientes_centro = numeros_expedientes_centro + 1;
	SET vNumeroExpedientes = (SELECT config.numeros_expedientes_tecnicos FROM config);
	INSERT INTO expedientes_evaluacion (expedientes_evaluacion.idRegistro,expedientes_evaluacion.numero_expediente_tecnico,expedientes_evaluacion.numero_expediente_centro, expedientes_evaluacion. numero_ingreso) VALUES(new.id,vNumeroExpedientes,vNumeroExpedientes,new.numero_ingreso);
END$$


DELIMITER ;
